nat_demand,T2M_toc,QV2M_toc,TQL_toc,W2M_toc,T2M_san,QV2M_san,TQL_san,W2M_san,T2M_dav,QV2M_dav,TQL_dav,W2M_dav,holiday,school,nat_demand_1st_inv_diff,T2M_toc_1st_inv_diff,QV2M_toc_1st_inv_diff,TQL_toc_1st_inv_diff,W2M_toc_1st_inv_diff,T2M_san_1st_inv_diff,QV2M_san_1st_inv_diff,TQL_san_1st_inv_diff,W2M_san_1st_inv_diff,T2M_dav_1st_inv_diff,QV2M_dav_1st_inv_diff,TQL_dav_1st_inv_diff,W2M_dav_1st_inv_diff,holiday_1st_inv_diff,school_1st_inv_diff
-47.73946260881931,-0.06184705983300687,-1.6157419607707492e-05,-0.0009628542981466643,-0.32109235937146086,-0.25051863118286494,-0.00011925440489511075,-0.000571355391429087,0.07054867284078951,-0.16657063786346535,-0.00012539661342195652,0.0019258321898192857,0.10260667717606672,-0.006198250061619645,0.005024757511394292,1089.3319373911806,25.542272810166995,0.017662187580392293,-0.0005836492981466644,10.666344960628539,23.298913738817138,0.01675800359510489,0.000899210608570913,4.76128392684079,22.773486732136536,0.016927337386578045,0.07391680218981929,2.1264288331760666,-0.006198250061619645,0.005024757511394292
-32.261223766275215,-0.03432530391665446,-6.581582546637473e-05,0.0007273440628634058,0.03487272265701215,-0.20733983426071992,-8.761823595295071e-05,-0.0014529096899314527,0.07726299624036594,-0.16094826243965135,-7.453101825457768e-05,0.0025340934807082487,0.0334832005248894,-0.011521457312062047,0.0059779577277761925,1057.0707136249055,25.50794750625034,0.01759637175492592,0.00014369476471674147,10.70121768328555,23.091573904556416,0.016670385359151937,-0.0005536990813605398,4.8385469230811555,22.612538469696887,0.016852806368323467,0.07645089567052754,2.159912033700956,-0.01771970737368169,0.011002715239170485
-29.426932419613976,-0.011848323972355745,-2.0319817360079623e-05,0.0012281428893175439,-0.059692102399921065,-0.16867342558193135,-7.480751054808046e-05,-0.00290552180297591,0.16494460735438063,-0.11437633838447618,-9.566190587441723e-05,0.001533056249753071,0.0280686248338372,-0.004045055040477751,0.002321005187263583,1027.6437812052916,25.496099182277984,0.01757605193756584,0.0013718376540342854,10.64152558088563,22.922900478974487,0.016595577848603858,-0.00345922088433645,5.003491530435536,22.49816213131241,0.01675714446244905,0.07798395192028061,2.1879806585347934,-0.021764762414159443,0.013323720426434068
-26.930560803650017,-0.01566867212065154,-4.598917163016128e-05,0.0002964044991877309,-0.14322040380447434,-0.1685611713698542,-7.471331755898092e-05,-0.003077977249674593,0.08272992010200983,-0.06931965127501506,-0.0001395921883108686,-0.0007258602981180104,0.02890699504403052,-0.004467065395339686,-0.0007907057900493622,1000.7132204016416,25.480430510157333,0.01753006276593568,0.0016682421532220164,10.498305177081155,22.75433930760463,0.016520864531044878,-0.006537198134011043,5.086221450537546,22.428842480037392,0.01661755227413818,0.0772580916221626,2.216887653578824,-0.02623182780949913,0.012533014636384706
-29.717219072067007,-0.04076760264805805,-3.48509025493102e-05,-0.0036378183222419524,-0.5201456709482073,-0.19635738244788975,-1.163643308765278e-05,-0.0031113619011907444,-0.2996532395149547,-0.08314977611551924,-0.00010189738340906889,-0.0011323726632956343,-0.03944964740530174,-0.0035357619818593153,0.00013556743014783205,970.9960013295745,25.439662907509273,0.01749521186338637,-0.0019695761690199363,9.978159506132949,22.557981925156742,0.016509228097957223,-0.009648560035201786,4.786568211022591,22.345692703921873,0.01651565489072911,0.07612571895886697,2.177438006173522,-0.029767589791358445,0.012668582066532538
-15.236755243706575,-0.06380655980606423,7.563689487353663e-05,-0.0050303750482308725,-1.063765281624068,-0.20622023248482202,5.484297059903608e-05,-0.001798015583666786,-0.37569477951842,-0.08702294538842946,-4.7758708547292876e-06,-0.0003024297562477983,-0.06485558168663914,-0.002424673042864218,-0.0006812451461741364,955.759246085868,25.37585634770321,0.017570848758259906,-0.006999951217250809,8.91439422450888,22.35176169267192,0.01656407106855626,-0.011446575618868571,4.410873431504171,22.258669758533443,0.016510879019874383,0.07582328920261916,2.112582424486883,-0.03219226283422266,0.011987336920358402
2.67503712763983,0.009492498705011633,9.790270249788504e-05,-0.004752626639755051,-0.8561201911812314,-0.13958021862608055,4.1827954755975754e-05,-0.0011718667144888647,-0.22121629120543934,-0.056616629004446355,1.808109541107393e-05,-0.0005657772874280723,-0.034970484554890685,-0.002706777981240771,-0.00041225298147623524,958.4342832135078,25.385348846408224,0.01766875146075779,-0.011752577857005859,8.058274033327649,22.21218147404584,0.016605899023312234,-0.012618442333357436,4.189657140298731,22.202053129529,0.016528960115285457,0.07525751191519109,2.0776119399319923,-0.03489904081546343,0.011575083938882166
52.66405281538441,0.7619964877035224,9.647709586932374e-05,-0.002940292833879554,1.7956320701189825,1.2247042237367625,0.00038297779783009225,-0.0017287101066793336,2.0822431809810142,0.4673200916893492,7.588387414624887e-05,-0.006393254484836177,0.17168875556161262,-2.7598324732646903e-05,-0.0007693468437504447,1011.0983360288922,26.147345334111744,0.017765228556627113,-0.014692870690885413,9.853906103446631,23.4368856977826,0.016988876821142328,-0.01434715244003677,6.271900321279746,22.669373221218347,0.016604843989431704,0.06886425743035492,2.249300695493605,-0.03492663914019608,0.010805737095131721
85.30632461579118,1.0114099311826374,-0.00020569373985095324,0.0015411804097520355,2.667281819238085,1.7102658248816236,0.00033338419498845083,-0.0011896357982371275,1.9428569164607203,1.0634654213313848,6.0511763455099396e-05,-0.012308693978502771,0.20946332107809476,0.002955142274907179,-0.001405790060310008,1096.4046606446834,27.15875526529438,0.01755953481677616,-0.013151690281133378,12.521187922684717,25.147151522664224,0.01732226101613078,-0.015536788238273896,8.214757237740466,23.732838642549734,0.016665355752886805,0.05655556345185214,2.4587640165717,-0.0319714968652889,0.009399947034821714
56.190771562494994,0.9387380813702255,-9.094939932580114e-05,0.0012434450402635986,0.9202330280166812,1.654272815845661,5.3049302324808654e-05,-0.0008320639992139642,1.3610877087993654,1.3192370922739614,-5.142952524824923e-05,-0.011579901850836719,-0.04221931583566172,0.004059477859240084,0.0010637631113727083,1152.5954322071784,28.097493346664606,0.01746858541745036,-0.011908245240869779,13.441420950701398,26.801424338509886,0.017375310318455586,-0.01636885223748786,9.575844946539831,25.052075734823696,0.016613926227638555,0.044975661601015425,2.416544700736038,-0.027912019006048814,0.010463710146194422
36.078160024502985,0.8245135912295474,4.216357260176611e-05,0.0005932836189809142,-0.2037394937933319,1.3273710439440012,-1.2111162565776426e-05,-0.002418921826856988,0.04666022560506711,1.2471369241167078,-0.00013558665679063437,-0.006965095678911286,-0.37414941367056515,0.005160872423490264,-0.0016273163473089283,1188.6735922316814,28.922006937894153,0.017510748990052127,-0.011314961621888865,13.237681456908065,28.128795382453887,0.01736319915588981,-0.018787774064344846,9.622505172144898,26.2992126589404,0.01647833957084792,0.03801056592210414,2.0423952870654727,-0.02275114658255855,0.008836393798885494
19.423386836083633,0.6648362567975863,7.689569628872809e-05,0.002646851052127343,-0.48958418307408275,1.0423695913223012,5.7330093933776876e-05,-0.00018127201294603347,-0.43495247181765606,0.9550285114035449,-3.732697589617896e-05,-0.0031634347182096807,-0.5886435504114631,0.0023536148426499355,-0.0038839372575223663,1208.096979067765,29.586843194691742,0.017587644686340855,-0.008668110569761522,12.748097273833983,29.17116497377619,0.017420529249823586,-0.01896904607729088,9.187552700327242,27.254241170343946,0.016441012594951742,0.03484713120389446,1.4537517366540098,-0.020397531739908614,0.004952456541363127
6.198296100600628,0.44567930984860765,2.762227506915051e-05,0.003540208400403599,-0.36074007106150846,0.7013030691692305,6.722813055889861e-05,0.0046732841619544,-0.5220619266963333,0.564656557289178,0.00010683439110037122,-0.0006683682189019382,-0.541609034550201,0.006196693840132091,-0.0021294250365273444,1214.2952751683656,30.03252250454035,0.017615266961410005,-0.0051279021693579245,12.387357202772474,29.87246804294542,0.017487757380382486,-0.014295761915336477,8.665490773630909,27.818897727633125,0.016547846986052113,0.03417876298499252,0.9121427021038087,-0.014200837899776522,0.0028230315048357827
14.505445056610032,0.20380066032392458,-1.7547694829463412e-05,0.004495340614642099,-0.11336265234068427,0.3173073916905419,2.0004290263415402e-05,0.0069153627310864964,-0.43728275197787486,0.19636311331708112,0.0001048303498515272,0.0011183650165655999,-0.29124053175981257,0.004077355825601595,-0.0003174683811253249,1228.8007202249757,30.236323164864274,0.01759771926658054,-0.0006325615547158252,12.273994550431789,30.189775434635962,0.0175077616706459,-0.007380399184249981,8.228208021653035,28.015260840950205,0.01665267733590364,0.03529712800155812,0.6209021703439961,-0.010123482074174926,0.002505563123710458
-3.8586490742948607,-0.055469615055305746,-5.189552697475117e-05,0.0039848656487399235,0.17271712917877602,-0.06069486310031935,-7.951692952086146e-06,0.005592817075217197,-0.31805936196970597,-0.12668789801703598,1.668528441985618e-05,0.0025840242479462858,-0.027223321610717666,-0.0004417031773368855,0.0007454661475932899,1224.9420711506807,30.180853549808965,0.01754582373960579,0.0033523040940240984,12.446711679610566,30.129080571535642,0.017499809977693816,-0.0017875821090327835,7.910148659683328,27.88857294293317,0.016669362620323497,0.037881152249504405,0.5936788487332785,-0.010565185251511813,0.0032510292713037476
-23.039896846186416,-0.3250528772744899,-4.686542495870982e-05,0.0008085516060879841,0.49971248270365637,-0.46992469681896687,4.656258754557527e-06,0.0032454405309878197,-0.2346070719651881,-0.46071482940991865,8.158578462528099e-05,0.0006800980474547292,0.1147567286137792,-0.001192065347227825,-0.00012863475145793952,1201.9021743044943,29.85580067253448,0.01749895831464708,0.004160855700112082,12.946424162314223,29.659155874716674,0.017504466236448375,0.0014578584219550363,7.67554158771814,27.42785811352325,0.016750948404948778,0.038561250296959136,0.7084355773470576,-0.011757250598739638,0.003122394519845808
-43.70758404069044,-0.70403439934298,-3.5301572917323344e-05,-0.0019423530580234755,0.5334480424731567,-0.9417326744103904,8.764356309531863e-06,-0.0010226061827588928,-0.49872559209500883,-0.7761809761515603,0.00012481645237967642,-0.0011503828490601017,0.16291992106521064,-0.0012152713680695436,-0.0001161733247375315,1158.194590263804,29.151766273191498,0.017463656741729755,0.0022185026420886065,13.479872204787378,28.717423200306285,0.017513230592757906,0.0004352522391961435,7.176815995623132,26.65167713737169,0.016875764857328453,0.03741086744789904,0.8713554984122682,-0.012972521966809182,0.0030062211951082767
-51.11995292969361,-1.073793972363093,3.855866284151962e-05,-0.0038679523597776734,-0.1946928417167431,-1.5151282798932462,-8.014832308157001e-05,1.1826214648844697e-05,-1.2129046635787952,-1.098402347592231,0.00011341958986222275,0.0018372011464168872,0.10007300559694181,0.001496372317439046,0.0019510539680927307,1107.0746373341103,28.077972300828403,0.017502215404571277,-0.0016494497176890665,13.285179363070636,27.20229492041304,0.017433082269676336,0.0004470784538449881,5.963911332044336,25.553274789779458,0.016989184447190678,0.03924806859431593,0.9714285040092101,-0.011476149649370136,0.004957275163201007
25.212474830593905,-1.0977427054357003,0.00020755388289277386,-0.004096874579650399,-1.1359490896495181,-1.782399331102255,-0.00011580170291016456,0.0015576118893219691,-1.440487488006692,-1.2287948548519023,3.7398137978359874e-05,0.0053898716917147454,0.043064136202853064,-0.00017896896123639153,0.0015867677517116745,1132.2871121647042,26.980229595392704,0.01770976928746405,-0.005746324297339466,12.149230273421118,25.419895589310784,0.01731728056676617,0.0020046903431669575,4.523423844037644,24.324479934927556,0.017026582585169037,0.04463794028603067,1.014492640212063,-0.011655118610606526,0.006544042914912682
31.804816935743286,-0.4842776466352711,0.0001587061559581927,-0.0029228533922928982,-0.20903972618625039,-0.7507412729887661,-8.814640415692699e-07,0.0009360675616655672,0.23573203769581397,-0.7423163508070607,-1.8844675577264728e-05,0.0032966144883319892,0.23970707584799705,0.0037354847822899055,-0.0010663758012595154,1164.0919291004475,26.495951948757433,0.01786847544342224,-0.008669177689632364,11.940190547234867,24.669154316322018,0.0173163991027246,0.0029407579048325245,4.7591558817334585,23.582163584120494,0.017007737909591772,0.04793455477436266,1.2541997160600602,-0.00791963382831662,0.005477667113653167
9.815982767673988,-0.2395768902218839,3.908817392342475e-06,-0.0002813707722263909,-0.12070453641554624,-0.436263882567634,-2.4336247769114594e-05,0.0003532136707201433,0.09742821353439024,-0.34168079496046944,-9.958512634838084e-06,0.0007372112288557568,0.22312509879447218,0.0033833665182286463,-0.0025075349121796574,1173.9079118681216,26.25637505853555,0.017872384260814583,-0.008950548461858755,11.81948601081932,24.232890433754385,0.017292062854955485,0.0032939715755526677,4.8565840952678485,23.240482789160026,0.016997779396956934,0.04867176600321842,1.4773248148545324,-0.0045362673100879745,0.0029701322014735096
-16.77848803448316,-0.17533161687714194,-1.1815124724426335e-05,0.00029864241976911617,-0.45330624039124695,-0.31930316470917736,-0.0001488544728890396,-0.0018380585991519234,0.01801184687144311,-0.13365817271446062,-6.998745608667366e-05,0.001019736397940781,0.13713569008254914,-0.0011953118371927462,-0.00043635963564883987,1157.1294238336384,26.08104344165841,0.01786056913609016,-0.008651906042089638,11.366179770428074,23.913587269045205,0.017143208382066448,0.0014559129764007443,4.874595942139291,23.106824616445564,0.01692779194087026,0.0496915024011592,1.6144605049370815,-0.005731579147280721,0.0025337725658246698
-29.362276762868742,-0.13979778300901524,-1.0080624625476412e-05,0.00021646330922700508,-0.5381509086217302,-0.27821669699896834,-0.00016519677622389277,-0.0026040696416906937,-0.15186066067410406,-0.0505572163641814,-0.00012822236212620556,0.0029128149803458493,0.07137253717624409,0.00030055447365202144,-0.00011725288532234352,1127.7671470707696,25.941245658649393,0.01785048851146468,-0.008435442732862633,10.828028861806343,23.635370572046238,0.016978011605842554,-0.0011481566652899494,4.722735281465187,23.056267400081385,0.016799569578744053,0.05260431738150505,1.6858330421133256,-0.005431024673628699,0.002416519680502326
-44.68039589820658,-0.10910211368569364,-2.459288911894766e-05,0.0005769738944541919,-0.4785916828005837,-0.24568465805445808,-0.0001552762799160291,-0.0023424171131757507,-0.24539025518334312,-0.07998358431622893,-0.00012755931004562946,0.00385511011251321,0.03989519248520036,-0.0030792207943893275,0.002015159293450559,1083.086751172563,25.8321435449637,0.017825895622345735,-0.00785846883840844,10.34943717900576,23.38968591399178,0.016822735325926524,-0.0034905737784656997,4.477345026281844,22.976283815765154,0.016672010268698426,0.056459427494018256,1.7257282345985259,-0.008510245468018027,0.004431678973952885
-48.82224203907764,-0.05663631712869488,-4.206101133691321e-05,0.0011776088406993206,-0.20019420962528217,-0.16148852427945973,-5.5334295458991246e-05,-0.0014046445144239891,-0.13819237810287843,-0.10104048703750207,-7.121624785925435e-05,0.00457775690934514,0.04812815072203325,1.1576083140586117e-05,0.0017963797543632677,1034.2645091334855,25.775507227835003,0.017783834611008822,-0.00668085999770912,10.149242969380477,23.22819738971232,0.016767401030467532,-0.00489521829288969,4.339152648178966,22.875243328727652,0.01660079402083917,0.06103718440336339,1.7738563853205591,-0.008498669384877441,0.006228058728316153
-30.358866275889604,-0.04224607840024709,-7.770677003669492e-05,0.0022373433360311445,0.007953793012231314,-0.12471831478514529,-4.508328300194278e-05,0.0001099462794335434,0.011731779554417524,-0.1108758865075773,-2.549678464516186e-05,0.004578880028212479,0.07332063759510359,-0.0014307040993695134,0.003604118548843303,1003.9056428575958,25.733261149434757,0.017706127840972127,-0.004443516661677975,10.157196762392708,23.103479074927176,0.01672231774746559,-0.004785272013456146,4.350884427733384,22.764367442220074,0.016575297236194008,0.06561606443157587,1.8471770229156628,-0.009929373484246955,0.009832177277159456
-22.639023828134963,-0.030255996838177337,-5.5117840170445125e-05,0.002003612740428651,0.0131714608752556,-0.10890054196657567,-4.223319572447523e-05,-0.0005276403668947188,0.14098930306964627,-0.09012148798533952,-3.9406181619340256e-05,0.0027900293912140233,0.09569462475678686,-0.0017754426605673347,0.0017459277177058893,981.2666190294608,25.703005152596578,0.01765101000080168,-0.002439903921249324,10.170368223267964,22.9945785329606,0.016680084551741116,-0.005312912380350865,4.49187373080303,22.674245954234735,0.016535891054574668,0.06840609382278989,1.9428716476724497,-0.011704816144814289,0.011578104994865345
-20.70148839835339,-0.03395875517783593,-8.195181725952895e-05,0.000780267839179935,0.00446206906635787,-0.13208387235258814,-3.7642658969042544e-05,-0.0017078584657397777,0.10519919104909625,-0.07415257030454145,-7.052609445028771e-05,-7.333190454549346e-05,0.09053782561986819,-7.295107534788963e-05,3.1342351553337615e-05,960.5651306311074,25.669046397418743,0.017569058183542152,-0.001659636082069389,10.174830292334322,22.86249466060801,0.016642441892772072,-0.007020770846090643,4.597072921852126,22.600093383930194,0.01646536496012438,0.0683327619182444,2.033409473292318,-0.011777767220162178,0.011609447346418682
-28.205850654415293,-0.07207165788774476,-6.352985573049767e-05,-0.002945748947220848,-0.31562157242137545,-0.17406592277403074,2.0515079270938144e-05,-0.0023179479107506506,-0.1472059633569825,-0.11442601510858037,-4.166944019863127e-05,-0.0013980549312670846,0.014342441440961097,0.00039970032744775317,0.0001442664358488903,932.3592799766922,25.596974739531,0.017505528327811656,-0.004605385029290238,9.859208719912946,22.68842873783398,0.01666295697204301,-0.009338718756841294,4.449866958495144,22.485667368821613,0.01642369551992575,0.06693470698697732,2.0477519147332788,-0.011378066892714426,0.011753713782267573
-12.102011740377254,-0.10087658205415267,3.782270168013339e-05,-0.004925915528315354,-0.6395617421683709,-0.21718907822367794,7.463742594416019e-05,-0.00189170514659079,-0.2214200862338365,-0.14640045181368277,5.187208198227616e-05,-0.00032669920144800634,-0.04083439929007331,-0.00112867356537348,4.504697597837882e-05,920.257268236315,25.496098157476844,0.01754335102949179,-0.00953130055760559,9.219646977744576,22.4712396596103,0.016737594397987172,-0.011230423903432084,4.228446872261307,22.339266917007933,0.016475567601908027,0.06660800778552932,2.0069175154432055,-0.012506740458087907,0.01179876075824595
19.97723888482248,-0.020572189876752637,0.00010620468711251862,-0.0038878497823587313,-0.4587359492587817,-0.12401581818421699,6.767996538984113e-05,-0.0020434867370580723,-0.007734348632280896,-0.11211183210998261,5.7206494595868365e-05,0.0003807904216347737,-0.011338563287539901,-0.0003280493235033845,-4.4860152718717176e-05,940.2345071211374,25.475525967600092,0.017649555716604308,-0.013419150339964322,8.760911028485793,22.347223841426086,0.01680527436337701,-0.013273910640490157,4.220712523629026,22.227155084897948,0.016532774096503895,0.0669887982071641,1.9955789521556657,-0.012834789781591291,0.011753900605527234
76.2451018287062,0.6931883862212683,9.331088586887188e-05,-0.0012286161432143623,1.7886632767221728,1.20957049584946,0.0003354034474156009,-0.0019951812450342255,2.1161140849582316,0.4591790003138143,0.00010267022984353947,-0.0038709982186361466,0.17110313237028035,0.0013662998805098287,-0.0004962101325056051,1016.4796089498436,26.16871435382136,0.01774286660247318,-0.014647766483178684,10.549574305207967,23.556794337275544,0.017140677810792614,-0.015269091885524382,6.336826608587257,22.68633408521176,0.016635444326347434,0.06311779998852794,2.166682084525946,-0.011468489901081461,0.011257690473021628
100.49582137256279,0.9363766418231454,-0.00018563695005616282,0.003431827924094073,2.3289973022517203,1.650752848881131,0.00019948036678543764,-0.0015347090651424754,1.8877741456958925,1.0396944245095139,7.000870501604322e-05,-0.008583214096900334,0.17088308545592415,-1.1581845274981014e-05,-0.000516841487904528,1116.9754303224063,27.105090995644506,0.017557229652417017,-0.01121593855908461,12.878571607459687,25.207547186156678,0.01734015817757805,-0.01680380095066686,8.22460075428315,23.726028509721278,0.016705453031363476,0.05453458589162761,2.33756516998187,-0.011480071746356442,0.0107408489851171
68.77111690152387,0.883876433436289,-0.00011272676199797408,0.003746329941147377,0.886150839466251,1.589835096307843,-4.2640986082026226e-05,-0.0012498331476709337,1.0951751194623278,1.2958036185733846,-7.748818356429168e-05,-0.008869234008030748,-0.0877993584332875,-4.5145805654477934e-05,0.0003361879455181482,1185.7465472239303,27.988967429080795,0.01744450289041904,-0.007469608617937234,13.764722446925937,26.79738228246452,0.017297517191496026,-0.01805363409833779,9.319775873745478,25.021832128294662,0.016627964847799184,0.04566535188359686,2.2497658115485826,-0.01152521755201092,0.011077036930635248
44.00952295212845,0.7669374605218959,-7.156821610861056e-06,0.0023138001493689824,-0.03024709658331859,1.3013505275901331,-6.918768934559656e-05,-0.0006135672447285633,0.019056661215507087,1.234156083106966,-0.00015938983113773499,-0.005259400547810365,-0.3816750420497657,0.00041309280042138834,-0.0006674870110838483,1229.7560701760588,28.75590488960269,0.01743734606880818,-0.005155808468568252,13.73447535034262,28.098732810054653,0.01722832950215043,-0.018667201343066354,9.338832534960986,26.25598821140163,0.01646857501666145,0.0404059513357865,1.868090769498817,-0.011112124751589531,0.0104095499195514
22.01686614336949,0.6151949074447896,3.9519745426986656e-05,0.0028346087620962275,-0.29414635933139144,1.0180376626371828,2.0554724765088717e-05,0.0022924560057749586,-0.4103438644345242,0.9457912807236364,-4.033240931532636e-05,-0.001476741382805781,-0.5053255150226462,-2.5475972187249604e-05,-0.001619866786739531,1251.7729363194283,29.37109979704748,0.017476865814235167,-0.0023211997064720245,13.440328991011228,29.116770472691837,0.017248884226915517,-0.016374745337291396,8.92848867052646,27.20177949212526,0.016428242607346124,0.038929209952980715,1.3627652544761708,-0.01113760072377678,0.008789683132811869
5.07677519111645,0.41091573165550965,9.417872037954835e-06,0.0037101212027322397,-0.2811433084503941,0.688298191470673,2.7799865775143603e-05,0.005723758404419076,-0.4588801704839476,0.5804874686486751,7.194608973775253e-05,0.0018219480443826368,-0.3876103078704636,0.000295881070436127,-0.0010212283438421502,1256.8497115105447,29.782015528702992,0.017486283686273123,0.0013889214962602152,13.159185682560834,29.80506866416251,0.01727668409269066,-0.010650986932872319,8.469608500042513,27.78226696077394,0.016500188697083876,0.040751157997363355,0.9751549466057072,-0.010841719653340654,0.007768454788969719
13.651839340124157,0.18333561550772315,-1.9553737240183785e-05,0.004128348104881271,-0.22748267391303834,0.3054885737502257,-1.4661261522549135e-05,0.007634199454218085,-0.37619768213042615,0.22026273553783726,7.344251434733169e-05,0.003618139123486357,-0.16013333847608635,0.0005659232466600139,-0.0004703944349637372,1270.5015508506688,29.965351144210715,0.01746672994903294,0.0055172696011414855,12.931703008647796,30.110557237912733,0.017262022831168112,-0.003016787478654233,8.093410817912087,28.002529696311775,0.016573631211431208,0.04436929712084971,0.8150216081296209,-0.01027579640668064,0.007298060354005981
-6.138107755350219,-0.04836271419752437,-4.054832134838759e-05,0.002544993385546054,-0.05831542691779529,-0.0821816191249393,-2.9439408374645942e-05,0.006545306037021983,-0.28167260478527745,-0.12103303114307015,2.4734260035572174e-05,0.004001615244899548,0.03884498827243138,0.00083433250919847,-8.756106987202125e-05,1264.3634430953186,29.91698843001319,0.01742618162768455,0.00806226298668754,12.87338758173,30.028375618787795,0.017232583422793466,0.0035285185583677496,7.81173821312681,27.881496665168704,0.01659836547146678,0.04837091236574925,0.8538665964020522,-0.00944146389748217,0.00721049928413396
-29.117241368371506,-0.28576409816124826,-2.8397616629270254e-05,-0.0008483415633313189,0.1782296661056479,-0.4776290050156995,1.511564575774967e-05,0.003095401512518675,-0.2505083398275734,-0.45628853157890503,7.556650652322591e-05,0.0015967076755309855,0.13496086885723985,0.00034545273144634425,-0.0008098905281190292,1235.246201726947,29.63122433185194,0.01739778401105528,0.007213921423356221,13.051617247835647,29.550746613772095,0.017247699068551215,0.006623920070886424,7.5612298732992365,27.4252081335898,0.016673931977990004,0.04996762004128024,0.9888274652592921,-0.009096011166035827,0.006400608756014931
-49.711035500908245,-0.6110458725538179,-1.1627554887204184e-05,-0.004483715796994032,0.08352508671338255,-0.935386679971075,5.9350375341056697e-05,-0.0008849931704642862,-0.5704581744676237,-0.7720467168183242,0.00013101786489166318,-0.0005867826243619428,0.1278986661734544,0.0008425638642364233,-0.0007122488126557405,1185.5351662260389,29.020178459298123,0.017386156456168075,0.0027302056263621894,13.13514233454903,28.61535993380102,0.01730704944389227,0.005738926900422138,6.990771698831612,26.653161416771475,0.01680494984288167,0.0493808374169183,1.1167261314327466,-0.008253447301799404,0.00568835994335919
-62.193220689931245,-0.9436577680341518,7.117497970422697e-05,-0.006574144320577165,-0.5403253673500578,-1.4591545433839197,-4.2533590567955095e-05,-0.0018203913201544565,-1.1150640231829945,-1.074375092231009,0.00013567912329810576,0.0007755503585421715,0.060576963708217066,0.0002800326125063199,-0.00015774186343985985,1123.3419455361077,28.076520691263973,0.017457331435872303,-0.0038439386942149757,12.594816967198973,27.1562053904171,0.01726451585332432,0.003918535580267681,5.875707675648618,25.578786324540467,0.016940628966179774,0.05015638777546047,1.1773030951409638,-0.007973414689293084,0.00553061807991933
-2.486809384587612,-1.0138641466730394,0.0002601241720240791,-0.006393562679664768,-1.1553931027818565,-1.7101713058374046,-1.779003883062439e-05,-0.0026295352917459344,-1.3151241403674896,-1.2053684819525956,8.596676664334395e-05,0.003031314156204662,0.014350551626697586,-0.0001466033369510243,1.586228454385219e-07,1120.85513615152,27.062656544590933,0.017717455607896383,-0.010237501373879743,11.439423864417117,25.446034084579697,0.017246725814493692,0.0012890002885217466,4.560583535281128,24.37341784258787,0.01702659573282312,0.05318770193166513,1.1916536467676613,-0.008120018026244109,0.0055307767027647685
29.419277084158622,-0.4714970682628929,0.000190704909006591,-0.004337692036095905,-0.008918347001050597,-0.7473795136552654,6.629715735245692e-05,-0.0027109742475983673,0.29890996545432114,-0.767191001845152,3.666730629687877e-05,0.0008222598517770699,0.1801679461385203,0.0006375625206101951,-0.0007259050334850648,1150.2744132356786,26.591159476328038,0.017908160516902975,-0.014575193409975647,11.430505517416066,24.69865457092443,0.01731302297184615,-0.0014219739590766206,4.859493500735449,23.60622684074272,0.017063263039119998,0.0540099617834422,1.3718215929061817,-0.007482455505633914,0.004804871669279703
9.140630076505657,-0.24182105723077643,5.669731162434088e-06,-0.0009292235224818849,0.038478591003397344,-0.41765816736777694,-7.372544014957048e-06,-0.0028772644505819017,0.18352400346349773,-0.35655032206202686,5.044053491083444e-06,-0.0020301010609964044,0.17851268805252335,0.00015528303686892196,-0.0007559359258002027,1159.4150433121843,26.34933841909726,0.017913830248065407,-0.015504416932457531,11.468984108419463,24.280996403556653,0.017305650427831193,-0.004299238409658523,5.043017504198947,23.249676518680694,0.01706830709261108,0.0519798607224458,1.5503342809587048,-0.007327172468764992,0.0040489357434795
-21.311564746026185,-0.1730404082719849,-1.7035511122041124e-05,0.0001505856291865174,-0.43301645545575657,-0.32132442089021696,-0.00014533246922485016,-0.003518435738872373,-0.025132111577583577,-0.13575805010751,-9.275078133029748e-05,-0.002084934131637353,0.08126451982265295,-0.0003206892482823637,-7.542636350331357e-05,1138.1034785661582,26.176298010825278,0.017896794736943368,-0.015353831303271014,11.035967652963707,23.959671982666435,0.01716031795860634,-0.007817674148530896,5.017885392621364,23.113918468573182,0.01697555631128078,0.04989492659080844,1.631598800781358,-0.007647861717047356,0.003973509379976187
-32.01231941282278,-0.13636707326928876,-1.638243930439355e-05,0.0003677321434475231,-0.47258780629338754,-0.2876500084833558,-0.00014269446121037318,-0.0032669414159053624,-0.24542365497617075,-0.05505749809358651,-0.00014751243694971768,3.32883852877138e-05,-0.002083044958362453,-0.00028236669534409506,0.00021890849245421898,1106.0911591533354,26.03993093755599,0.017880412297638974,-0.01498609915982349,10.563379846670319,23.67202197418308,0.01701762349739597,-0.011084615564436259,4.772461737645193,23.058860970479596,0.016828043874331067,0.04992821497609616,1.6295157558229953,-0.007930228412391452,0.004192417872430406
-47.60752276528098,-0.10624919758010201,-3.023098178451278e-05,0.0012408221600102081,-0.38803530566574906,-0.24420541671939386,-0.00011172213920444117,-0.0015894722718084635,-0.2903264462800083,-0.0824086638224684,-0.00012015517282036722,0.0016471031671856605,-0.012046308066620178,-0.0011560628280617461,0.0013302000922850894,1058.4836363880543,25.93368173997589,0.01785018131585446,-0.013745276999813281,10.17534454100457,23.427816557463686,0.01690590135819153,-0.012674087836244723,4.482135291365184,22.976452306657126,0.016707888701510697,0.05157531814328182,1.6174694477563754,-0.009086291240453199,0.0055226179647154955
-51.5127495953778,-0.0598372364211741,-4.5646392541597666e-05,0.002427000310716481,-0.15296842846824532,-0.15885231158536303,-3.9272342754791095e-05,0.000383503933216137,-0.13331948695344126,-0.09832874661659792,-6.733666101005092e-05,0.0030472325383136987,0.03931001730903832,-0.00022779256858103988,0.0009249919753061301,1006.9708867926765,25.873844503554714,0.017804534923312864,-0.0113182766890968,10.022376112536325,23.268964245878323,0.016866629015436736,-0.012290583903028587,4.3488158044117435,22.878123560040528,0.016640552040500647,0.05462255068159552,1.6567794650654135,-0.009314083809034238,0.006447609940021626
-29.605453459835477,-0.04620776291778365,-7.30718419896688e-05,0.003471131460109919,0.03315545000942234,-0.12059752851884717,-3.990503705582186e-05,0.0020862694647315085,0.03929015066280099,-0.10486266260689231,-3.775008170738384e-05,0.003618641980534123,0.09269546850545748,-0.0017095186894108439,0.0019509191834636925,977.3654333328411,25.82763674063693,0.017731463081323194,-0.007847145228986881,10.055531562545747,23.148366717359476,0.016826723978380916,-0.010204314438297078,4.388105955074544,22.773260897433637,0.016602801958793264,0.05824119266212964,1.749474933570871,-0.011023602498445082,0.008398529123485318
-18.783961574939813,-0.03414330466815738,-5.98564064279231e-05,0.003148041138607165,0.07407533231256876,-0.1036611483247401,-4.191067677394928e-05,0.0014925159094633263,0.16107724722835753,-0.09052787226628065,-5.210639411464624e-05,0.002586994936919657,0.11773452882759515,-0.00132611064789142,0.0010863746609653029,958.5814717579012,25.79349343596877,0.01767160667489527,-0.0046991040903797176,10.129606894858316,23.044705569034736,0.016784813301606964,-0.008711798528833753,4.549183202302902,22.682733025167355,0.016550695564678617,0.0608281875990493,1.867209462398466,-0.012349713146336502,0.00948490378445062
-17.017194500476954,-0.03569058191539415,-8.400513492948946e-05,0.001658145158143372,0.08770490608399142,-0.11995758613507779,-3.556289059188048e-05,-0.00016082165976030532,0.13923287637629367,-0.08199192371196128,-7.355308837888642e-05,4.1983697098871636e-05,0.10559901656626211,-0.000703678409170768,0.00012589106853675512,941.5642772574242,25.757802854053377,0.017587601539965782,-0.003040958932236345,10.217311800942307,22.92474798289966,0.016749250411015087,-0.008872620188594058,4.688416078679196,22.600741101455394,0.016477142476299732,0.06087017129614817,1.9728084789647282,-0.01305339155550727,0.009610794852987376
-27.371329804765125,-0.07430510654834623,-6.683485933619245e-05,-0.002056453949213945,-0.1889048134549456,-0.16013653658452842,2.1550361277593787e-05,-0.0014907602996474638,-0.08386134564801608,-0.12127101286080878,-4.408366353861596e-05,-0.001511481637107679,0.02157833596861334,-0.00026703119231226256,0.000203369835112458,914.1929474526592,25.683497747505033,0.017520766680629588,-0.00509741288145029,10.028406987487362,22.76461144631513,0.01677080077229268,-0.010363380488241522,4.604554733031179,22.479470088594585,0.016433058812761116,0.059358689659040495,1.9943868149333417,-0.013320422747819532,0.009814164688099834
-11.041223434269716,-0.10571425745593346,2.6109933791590845e-05,-0.003997063095473543,-0.4452308977101456,-0.20521630157438034,7.316632105516371e-05,-0.0015514268917548892,-0.17553367133153108,-0.15588461177622825,4.936734766785028e-05,-0.00047071142191570866,-0.04607227439537015,-0.0006074637413525933,0.0001596723122359847,903.1517240183895,25.577783490049097,0.01754687661442118,-0.009094475976923831,9.583176089777217,22.55939514474075,0.01684396709334784,-0.01191480737999641,4.429021061699649,22.32358547681836,0.016482426160428967,0.058887978237124786,1.9483145405379716,-0.013927886489172125,0.00997383700033582
28.352664325667845,-0.023634221745663566,0.00011500784943655051,-0.002830648418929569,-0.3058214773752839,-0.09677780269033444,8.22208271095781e-05,-0.0016057924659772232,0.017135611403626627,-0.11228427477695122,5.713871363074869e-05,0.0005086141006842093,-0.028557672315905756,-0.00029349350122052627,-2.7096017245138368e-05,931.5043883440574,25.554149268303433,0.01766188446385773,-0.011925124395853401,9.277354612401933,22.462617342050414,0.01692618792045742,-0.013520599845973634,4.446156673103275,22.21130120204141,0.016539564874059713,0.05939659233780899,1.9197568682220658,-0.01422137999039265,0.00994674098309068
87.20422864589848,0.6499533086216466,9.310237654654413e-05,-5.5518561865470334e-05,1.6848440671761389,1.1719632341132775,0.0003010334910925595,-0.0012519625845460792,1.995118784092395,0.46891672778838006,0.00010512959720164706,-0.0027718131237993776,0.1373606158367733,0.0006393851013411304,-0.0002653572500256946,1018.7086169899558,26.20410257692508,0.017754986840404274,-0.011980642957718871,10.962198679578071,23.634580576163692,0.01722722141154998,-0.014772562430519713,6.44127545719567,22.680217929829787,0.01664469447126136,0.056624779214009616,2.057117484058839,-0.01358199488905152,0.009681383733064985
108.2056270738146,0.8824365701706575,-0.0001625441392180649,0.004362541301599006,2.032430639836795,1.6017661841475839,0.00013167440725969092,-0.0004619217794776423,1.7467080476087216,1.032075785816049,5.7896332297174155e-05,-0.006753592868330521,0.1263716967956819,0.0007172243801578251,-0.000287208773343429,1126.9142440637704,27.08653914709574,0.01759244270118621,-0.007618101656119866,12.994629319414866,25.236346760311278,0.017358895818809672,-0.015234484209997356,8.187983504804391,23.712293715645835,0.016702590803558535,0.049871186345679094,2.183489180854521,-0.012864770508893696,0.009394174959721556
75.4072176069681,0.841052160104573,-0.0001113489904294897,0.004549570626594862,0.7570606138941209,1.5395594620543889,-9.612263875235012e-05,-6.022089257964858e-05,0.9210252015876363,1.2878412253534497,-0.00010671509793732055,-0.007041331299097894,-0.10898004518488001,0.00032351164380498747,0.00022845033815580224,1202.3214616707385,27.927591307200313,0.01748109371075672,-0.0030685310295250037,13.751689933308986,26.775906222365666,0.017262773180057322,-0.015294705102577005,9.109008706392029,25.000134940999285,0.016595875705621214,0.0428298550465812,2.074509135669641,-0.012541258865088709,0.009622625297877357
48.39657210888239,0.7310513663132572,-2.9520779336510408e-05,0.002825417797656796,-0.012296805445634162,1.2715254446957562,-0.00010212542175866813,0.0008293932872279525,-0.0045693143981876405,1.2352795649777142,-0.00018133089656857752,-0.003369658613981634,-0.35077428419277745,0.00040944719046058075,-0.00015794562689832431,1250.7180337796208,28.65864267351357,0.01745157293142021,-0.00024311323186820794,13.739393127863352,28.04743166706142,0.017160647758298654,-0.014465311815349054,9.10443939199384,26.235414505977,0.016414544809052637,0.03946019643259956,1.7237348514768636,-0.012131811674628127,0.009464679670979033
23.834086994478024,0.5892800378147103,1.2686822845218002e-05,0.0028598912570996296,-0.2554590198980773,0.9941417264900043,-4.15376184055959e-06,0.003621999558692829,-0.3713234885192972,0.9497805121734288,-5.14401438313908e-05,0.0006758505206728719,-0.42011136711135305,4.564292753969461e-05,-0.0006109592100758668,1274.552120774099,29.24792271132828,0.017464259754265427,0.0026167780252314217,13.483934107965275,29.041573393551424,0.017156493996458095,-0.010843312256656225,8.733115903474543,27.18519501815043,0.016363104665221246,0.040136046953272435,1.3036234843655103,-0.012086168747088432,0.008853720460903165
4.566070271977175,0.3980319832234007,-1.0303457915272198e-05,0.003721463469737072,-0.27650550175268923,0.672769736654746,5.624730520851099e-06,0.0066076652642840725,-0.39572787094897477,0.5930184410353644,5.697068151708733e-05,0.004223485827220566,-0.2787758403434697,0.0012830808751081446,-0.0005225227385224178,1279.118191046076,29.64595469455168,0.017453956296350156,0.006338241494968494,13.207428606212586,29.71434313020617,0.017162118726978943,-0.004235646992372152,8.337388032525569,27.778213459185793,0.016420075346738332,0.044359532780493,1.0248476440220406,-0.010803087871980288,0.008331197722380747
12.15525709372482,0.1804891711851233,-3.321795081765408e-05,0.003794876694881563,-0.2744052660959135,0.2902419893741082,-3.1289509253698684e-05,0.008170008418854758,-0.32865998799348406,0.23175234734620612,6.532767313529011e-05,0.005866698555297398,-0.07296687606695094,0.0007486089008495833,-0.00027408326728426205,1291.2734481398008,29.826443865736803,0.0174207383455325,0.010133118189850058,12.933023340116673,30.00458511958028,0.017130829217725244,0.003934361426482605,8.008728044532084,28.009965806532,0.016485403019873623,0.0502262313357904,0.9518807679550898,-0.010054478971130704,0.008057114455096485
-7.303667735824334,-0.038681971777838886,-4.8739928241814104e-05,0.001726979072198134,-0.13741880808255982,-0.09832887604710726,-3.9451145293427685e-05,0.006721198938896182,-0.2645906074057206,-0.1207563018804498,3.6654649362867126e-05,0.005502056284303793,0.0885490962485207,0.00045288027709435236,-4.94011595148355e-05,1283.9697804039765,29.787761893958965,0.017371998417290688,0.011860097262048192,12.795604532034112,29.90625624353317,0.01709137807243182,0.010655560365378788,7.744137437126364,27.88920950465155,0.016522057669236492,0.05572828762009419,1.0404298642036105,-0.009601598694036352,0.008007713295581649
-32.30415557896911,-0.26213459434748987,-3.2311628960734904e-05,-0.0019215795973198755,0.06543468219972581,-0.48243465664325313,1.7232272644862393e-05,0.0027176091193931292,-0.2629562898567363,-0.4594141405346838,8.717103432536561e-05,0.0025104920879642457,0.15288400609291153,0.00010428826392293853,-0.0005954428873341349,1251.6656248250074,29.525627299611475,0.017339686788329953,0.009938517664728317,12.861039214233838,29.423821586889918,0.01710861034507668,0.013373169484771918,7.481181147269627,27.429795364116867,0.016609228703561855,0.058238779708058436,1.193313870296522,-0.009497310430113414,0.007412270408247514
-52.5361477322117,-0.5626332332423257,-5.216476094868006e-06,-0.006146843140026055,-0.05343668435511656,-0.922163621709967,8.291441855594484e-05,-0.001707265957823655,-0.6039786795066233,-0.7751119585197914,0.00014769573989897598,-0.00018603269024443836,0.11445846349274953,0.00020691349365834738,-0.0005092759010438679,1199.1294770927957,28.96299406636915,0.017334470312235083,0.0037916745247022613,12.807602529878721,28.50165796517995,0.017191524763632626,0.011665903526948263,6.877202467763004,26.654683405597076,0.016756924443460833,0.058052747017814,1.3077723337892717,-0.009290396936455066,0.006902994507203646
-66.35502867235765,-0.8751445272705581,8.848830679643316e-05,-0.008497732247831211,-0.6028198756320696,-1.4058675678500256,-6.180903707490527e-06,-0.003636344212028051,-1.0693222012401538,-1.0633419344031354,0.00016001305536668807,0.00021902714800331696,0.033891904377928404,0.00021877376950959972,-0.0003144358168325239,1132.7744484204381,28.087849539098592,0.017422958619031516,-0.00470605772312895,12.204782654246653,27.095790397329928,0.017185343859925133,0.008029559314920212,5.80788026652285,25.59134147119394,0.01691693749882752,0.05827177416581732,1.3416642381672,-0.009071623166945465,0.006588558690371123
-14.454876765940018,-0.9623162473614705,0.0002823453937238594,-0.008049305049205757,-1.0814629350144558,-1.6417539866906887,4.588329662092363e-05,-0.005301762675136596,-1.2420436644599935,-1.1912862506097008,0.00012355901785477685,0.0015905368839354314,-0.019001460343989682,-7.792332501459958e-05,-0.0003061520885491069,1118.319571654498,27.12553329173712,0.017705304012755375,-0.012755362772334706,11.123319719232196,25.454036410639237,0.01723122715654606,0.0027277966397836165,4.5658366020628565,24.40005522058424,0.017040496516682296,0.059862311049752745,1.3226627778232105,-0.009149546491960064,0.006282406601822016
26.618580805856325,-0.4650350801411805,0.0002031949658241921,-0.005395707665541642,0.13068762562430797,-0.7331781600923821,0.00010951362123797009,-0.005264549630301554,0.3209333137448652,-0.7794897361549827,7.861702368220963e-05,-0.0009157466463811468,0.13349863766216002,0.0008491251816470581,-0.000584038267611927,1144.9381524603543,26.66049821159594,0.01790849897857957,-0.018151070437876348,11.254007344856504,24.720858250546854,0.01734074077778403,-0.002536752990517938,4.886769915807722,23.620565484429257,0.01711911354036451,0.0589465644033716,1.4561614154853704,-0.008300421310313007,0.005698368334210089
8.844655086696791,-0.24721434855241126,6.357777049253244e-06,-0.0015412933305015664,0.17623704831524034,-0.3983524857293872,-3.4818117144369913e-06,-0.005034015157610784,0.24303988300987778,-0.36663073857886397,1.8037691006238432e-05,-0.00408623049175539,0.14005664509567967,0.00046798862599241754,-0.0004132767250968222,1153.782807547051,26.413283863043528,0.017914856755628823,-0.019692363768377914,11.430244393171744,24.322505764817468,0.01733725896606959,-0.007570768148128723,5.1298097988175995,23.25393474585039,0.017137151231370745,0.05486033391161621,1.59621806058105,-0.00783243268432059,0.005285091609113267
-23.61103664710763,-0.1808177424925526,-1.2941785336385485e-05,-0.00021726348396354446,-0.37527537504839903,-0.31766623186647786,-0.0001432554885881267,-0.00503803165312286,-0.03044639618921391,-0.1379423337876972,-0.00010310470568795787,-0.004307358690362719,0.04164432031212234,-0.00039779857385935456,5.0941883736085707e-05,1130.1717708999436,26.232466120550974,0.017901914970292435,-0.01990962725234146,11.054969018123346,24.00483953295099,0.017194003477481463,-0.012608799801251583,5.099363402628386,23.115992412062695,0.017034046525682786,0.05055297522125349,1.6378623808931723,-0.008230231258179944,0.005336033492849353
-34.506144030420415,-0.14408678863505053,-1.0947529606395646e-05,0.0002336143777426701,-0.4393922267316612,-0.29424351860089437,-0.0001295842176657284,-0.004205137582237052,-0.27211008468804226,-0.05959305828669578,-0.00015720994755413287,-0.001970148491290991,-0.041521611945167056,-0.00021998120475622235,0.00017010956754395356,1095.665626869523,26.088379331915924,0.01789096744068604,-0.01967601287459879,10.615576791391685,23.710596014350095,0.017064419259815736,-0.016813937383488634,4.827253317940343,23.056399353775998,0.016876836578128655,0.0485828267299625,1.5963407689480054,-0.008450212462936165,0.0055061430603933065
-49.9765772338523,-0.11266385004220406,-2.6131117592829907e-05,0.0015415153068996622,-0.34357270790950734,-0.247663886001267,-8.999829285019443e-05,-0.0018906719457378988,-0.2881409604526278,-0.08740150742564678,-0.00011665182456103372,0.0001413657505437558,-0.037272085902286714,-0.0010511307336517135,0.0008863402803344242,1045.689049635671,25.97571548187372,0.01786483632309321,-0.018134497567699127,10.272004083482177,23.46293212834883,0.016974420966965543,-0.018704609329226532,4.539112357487715,22.96899784635035,0.016760184753567622,0.04872419248050626,1.5590686830457186,-0.009501343196587879,0.006392483340727731
-53.16868707462844,-0.06837735567900788,-4.229949088273296e-05,0.0031592535518636966,-0.12972950555345558,-0.16283286433027852,-3.286905739797055e-05,0.0006669288310407085,-0.11173211550305101,-0.10153036982759844,-6.66513937133791e-05,0.002036969185471794,0.035042055799108573,0.0003614201804364242,0.00047253959937668084,992.5203625610425,25.907338126194713,0.017822536832210478,-0.01497524401583543,10.142274577928722,23.300099264018552,0.016941551909567573,-0.018037680498185823,4.427380241984665,22.86746747652275,0.01669353335985424,0.05076116166597805,1.5941107388448272,-0.009139923016151455,0.006865022940104412
-29.57366139722639,-0.05115901784428001,-6.773764575750647e-05,0.00436384938275635,0.034990921509223935,-0.1214352110215639,-4.0237034512292785e-05,0.002691223640216616,0.05837576473500278,-0.10461219381109996,-4.8416492510777216e-05,0.0029704054896065478,0.10025728245352357,-0.0005411173340546808,0.0010665183539487475,962.946701163816,25.85617910835043,0.017754799186452973,-0.01061139463307908,10.177265499437945,23.178664052996986,0.01690131487505528,-0.015346456857969207,4.485756006719668,22.76285528271165,0.016645116867343466,0.053731567155584595,1.6943680212983507,-0.009681040350206135,0.007931541294053159
-17.354977218697545,-0.03512906390114197,-6.119864145411543e-05,0.004081489313595523,0.08333986822904324,-0.10100328640733865,-4.6376917463689735e-05,0.0023589760698844264,0.16773381216244296,-0.09179930361430311,-6.410875892632791e-05,0.0023386979765275726,0.12425065160516632,-0.0008411992326710822,0.0006594679652306159,945.5917239451185,25.82105004444929,0.017693600544998855,-0.0065299053194835584,10.260605367666988,23.07766076658965,0.01685493795759159,-0.01298748078808478,4.65348981888211,22.67105597909735,0.016581008108417138,0.05607026513211217,1.818618672903517,-0.010522239582877218,0.008591009259283775
-15.62419405686765,-0.03186846434945381,-8.396337300936695e-05,0.0024531158064289792,0.10372680927424036,-0.10824942893147585,-4.015893503411809e-05,0.0006736026396696285,0.1538295737502922,-0.08424832251577413,-8.086553974589799e-05,-1.9547594914942322e-05,0.10625014788799282,-0.00033341278678897365,7.777224422444454e-05,929.9675298882509,25.78918158009984,0.01760963717198949,-0.00407678951305458,10.364332176941229,22.969411337658173,0.01681477902255747,-0.012313878148415152,4.807319392632403,22.586807656581577,0.016500142568671237,0.05605071753719723,1.92486882079151,-0.010855652369666192,0.00866878150350822
-26.47000464325097,-0.06630988448228134,-6.907035160734658e-05,-0.0012953805895285868,-0.139277412603454,-0.1430621128843606,1.6462659520407368e-05,-0.0009666310289428671,-0.05555832289950832,-0.11730012627255898,-5.053607858583656e-05,-0.001659342531430132,0.018465430042091568,4.252763621407224e-05,0.00014970602229113757,903.4975252449999,25.722871695617556,0.01754056682038214,-0.005372170102583167,10.225054764337775,22.82634922477381,0.016831241682077877,-0.01328050917735802,4.751761069732894,22.469507530309016,0.0164496064900854,0.054391375005767094,1.9433342508336016,-0.01081312473345212,0.008818487525799357
-10.04829723517405,-0.09741417443075895,1.92224900920931e-05,-0.0032565559860706643,-0.36330080788955205,-0.18266416471428326,6.71098048627413e-05,-0.001276379592782089,-0.15703301462134867,-0.1474459820296635,4.046367313646801e-05,-0.0007399324833004781,-0.055306651749374394,-0.0003593945805527411,0.00016661425502205335,893.4492280098258,25.625457521186796,0.017559789310474236,-0.00862872608865383,9.861753956448222,22.64368506005953,0.01689835148694062,-0.014556888770140108,4.5947280551115455,22.322061548279354,0.01649007016322187,0.05365144252246662,1.888027599084227,-0.01117251931400486,0.00898510178082141
32.93223636859563,-0.014272107512409107,0.00011735692322704091,-0.0021596272483913525,-0.2513324694045164,-0.06563597004530404,9.167709537101333e-05,-0.0012217422944746272,0.007282649755398329,-0.09516085507105357,5.376016359267486e-05,0.0003890747861509043,-0.04801584780346299,-4.592885599414999e-05,-2.2352102973627243e-05,926.3814643784215,25.611185413674388,0.017677146233701275,-0.010788353337045184,9.610421487043707,22.578049090014225,0.016990028582311634,-0.015778631064614735,4.602010704866944,22.2269006932083,0.016543830326814543,0.05404051730861752,1.840011751280764,-0.01121844816999901,0.008962749677847782
92.74219488181247,0.6214896323174669,8.846837993723587e-05,0.0005782465304445415,1.5638162389740726,1.136479777827449,0.0002767082519765655,-0.0004831785879313296,1.8551431548791415,0.4782550498287236,0.00010223003468079475,-0.0022290840019690574,0.10652034381010882,0.00047437781154960524,-0.0001917619560261168,1019.1236592602339,26.232675045991854,0.01776561461363851,-0.010210106806600642,11.174237726017779,23.714528867841672,0.0172667368342882,-0.016261809652546064,6.457153859746086,22.705155743037025,0.016646060361495338,0.05181143330664846,1.9465320950908729,-0.010744070358449405,0.008770987721821666
111.88851372154228,0.8444332281563756,-0.00014698454435064777,0.004776919253799411,1.8100599567854676,1.5566294443715185,9.244155239368188e-05,0.0006663386343979984,1.618437592689698,1.0248736242645125,4.556157211928077e-05,-0.005614863104431359,0.09677597442139128,0.0004278688716801536,-0.0002122481473745394,1131.012172981776,27.07710827414823,0.017618630069287863,-0.005433187552801232,12.984297682803247,25.271158312213192,0.01735917838668188,-0.015595471018148066,8.075591452435784,23.730029367301537,0.01669162193361462,0.046196570202217103,2.043308069512264,-0.010316201486769252,0.008558739574447126
78.83316486156674,0.8101965780229753,-0.00010887861434129211,0.004964907330697563,0.6433964214589292,1.495099304280649,-0.0001262881478090179,0.0012448636187152916,0.8148021814753446,1.2769295969409848,-0.0001256306914376632,-0.005700424716190311,-0.11103806165098083,-5.883452223726798e-05,0.00016178789619537723,1209.8453378433428,27.887304852171205,0.01750975145494657,-0.00046828022210366815,13.627694104262176,26.76625761649384,0.017232890238872863,-0.014350607399432773,8.890393633911128,25.00695896424252,0.016565991242176958,0.04049614548602679,1.9322700078612833,-0.01037503600900652,0.008720527470642503
50.99719239167193,0.7079776984554575,-4.4039233167213066e-05,0.0032749887912585656,-0.02521068464943621,1.2418062403798285,-0.00012145751966010439,0.0022648644797873684,-0.006167353671421516,1.228558255628184,-0.00019442324295116767,-0.0019150080891731462,-0.31071960726710335,-6.233923493813472e-05,1.8631047511229615e-05,1260.842530235015,28.595282550626663,0.01746571222177936,0.0028067085691548975,13.602483419612739,28.00806385687367,0.017111432719212758,-0.012085742919645405,8.884226280239705,26.235517219870705,0.01637156799922579,0.03858113739685365,1.62155040059418,-0.010437375243944655,0.008739158518153732
25.268975888225036,0.5737617970536024,-7.441103233032639e-06,0.003156992719247665,-0.240833880306501,0.9713245704868558,-2.2280389691258067e-05,0.004972632090443446,-0.32497913920845,0.9461867233082819,-6.150224035006884e-05,0.0023120245738713113,-0.3463282591481963,-0.00012082155420016592,-0.00018595921005920167,1286.11150612324,29.169044347680266,0.017458271118546326,0.0059637012884025615,13.361649539306239,28.979388427360526,0.0170891523295215,-0.0071131108292019594,8.559247141031257,27.181703943178988,0.01631006575887572,0.040893161970724956,1.2752221414459837,-0.01055819679814482,0.00855319930809453
4.759817833661621,0.3917982208296527,-2.5713566724145432e-05,0.0038826570174715644,-0.26921933766066125,0.6561698873461405,-8.37328957583956e-06,0.007637545674979113,-0.33740900167598664,0.594599407944219,4.683438448521756e-05,0.005916638069853726,-0.19833537191094602,0.0007725770479060363,-0.0002696117247415839,1290.8713239569015,29.56084256850992,0.01743255755182218,0.009846358305874128,13.092430201645577,29.635558314706664,0.01708077903994566,0.0005244348457771543,8.22183813935527,27.776303351123204,0.01635690014336094,0.046809800040578685,1.0768867695350377,-0.009785619750238783,0.008283587583352946
11.062269279249142,0.181253258232983,-4.468584008191527e-05,0.0036389869724728166,-0.28247415260501463,0.27640328696439953,-3.843777224497261e-05,0.008807175545835483,-0.2836937579905251,0.2329215670165991,6.230381617313731e-05,0.007381249814863672,-0.01144894601280649,0.00036892265577947005,-0.00015895858389606307,1301.9335932361507,29.7420958267429,0.017387871711740267,0.013485345278346944,12.809956049040563,29.911961601671067,0.017042341267700687,0.009331610391612637,7.9381443813647445,28.009224918139804,0.016419203959534074,0.05419104985544236,1.0654378235222313,-0.009416697094459314,0.008124628999456884
-8.008024641127442,-0.031051497041694937,-5.6296612360027775e-05,0.0012417735421291333,-0.1593950157893437,-0.11005246948311743,-4.177385039717306e-05,0.006915329408863747,-0.2430186562640843,-0.12449251068238101,4.616799126206555e-05,0.006546986087415308,0.12229485156451256,0.00025464640999839057,4.6893334706758836e-05,1293.9255685950232,29.711044329701206,0.01733157509938024,0.014727118820476077,12.650561033251218,29.801909132187948,0.017000567417303516,0.016246939800476385,7.69512572510066,27.884732407457424,0.016465371950796143,0.06073803594285766,1.1877326750867438,-0.009162050684460923,0.008171522334163642
-33.95405908308785,-0.24693027595423914,-3.634247182147807e-05,-0.002668608097608426,0.024027544044625253,-0.48572975693305387,2.0437492096106307e-05,0.0024547452751938316,-0.263460432745322,-0.46379201014829785,9.740721476567388e-05,0.0031627225413700913,0.16232172857165572,4.6648321493230087e-05,-0.0003821913722745247,1259.9715095119354,29.464114053746968,0.01729523262755876,0.012058510722867651,12.674588577295845,29.316179375254894,0.01702100490939962,0.018701685075670216,7.431665292355339,27.420940397309124,0.016562779165561814,0.06390075848422776,1.3500544036583997,-0.009115402362967694,0.007789330961889117
-54.127526607724775,-0.53274022251255,-1.152273754953839e-07,-0.007250639729624569,-0.10372812141120208,-0.9102623410499646,9.597917688830863e-05,-0.0023446836495687766,-0.6121027860119289,-0.7776783247047635,0.00015989145654528888,7.792361730096713e-05,0.10282688712433626,0.00024196865266794254,-0.0003239428883373973,1205.8439829042106,28.931373831234417,0.017295117400183264,0.004807870993243081,12.570860455884642,28.40591703420493,0.01711698408628793,0.01635700142610144,6.819562506343409,26.64326207260436,0.016722670622107104,0.06397868210152872,1.4528812907827358,-0.008873433710299751,0.007465388073551719
-67.56625195368422,-0.831066901469539,0.00010130395249544324,-0.009739713088239661,-0.6027634097551762,-1.3641920913522867,2.328172847986444e-05,-0.004881239323533501,-1.0366971309560706,-1.0551479389974971,0.00017815094807018745,-0.00016243391168183134,0.011429991384560113,6.963026171487893e-05,-0.000263047070872034,1138.2777309505263,28.10030692976488,0.017396421352678708,-0.00493184209499658,11.968097046129467,27.041724942852642,0.017140265814767793,0.011475762102567937,5.782865375387338,25.588114133606865,0.01690082157017729,0.0638162481898469,1.4643112821672961,-0.008803803448584873,0.007202341002679686
-20.150366674712053,-0.9237999204999571,0.00029270119299540354,-0.00915067430852437,-1.0003698111427375,-1.5840835566117397,8.703459280348406e-05,-0.006952607952245263,-1.1857777059819994,-1.1778246433051884,0.00014999597645695632,0.0006231974531761941,-0.046019618719627606,1.7218455871195228e-05,-0.00035473015073126865,1118.1273642758142,27.17650700926492,0.01768912254567411,-0.014082516403520949,10.967727234986729,25.4576413862409,0.01722730040757128,0.004523154150322674,4.597087669405339,24.410289490301675,0.017050817546634248,0.06443944564302309,1.4182916634476683,-0.008786584992713679,0.006847610851948417
24.094378322655743,-0.46047153009791447,0.00021029604581293258,-0.006165711755279065,0.21980848628011362,-0.7204658495298661,0.00013765083274068976,-0.006917003916411153,0.32470451921430193,-0.7840727224978302,0.0001071792228642126,-0.0020818961206608855,0.09792799410371657,0.0005492331951633808,-0.0005138685432021556,1142.22174259847,26.716035479167008,0.017899418591487044,-0.020248228158800015,11.187535721266842,24.737175536711035,0.017364951240311968,-0.0023938497660884787,4.921792188619642,23.626216767803847,0.01715799676949846,0.06235754952236221,1.5162196575513849,-0.008237351797550297,0.006333742308746261
8.553181597411498,-0.2530499465184045,1.0323590819203575e-05,-0.0020416051920463894,0.2737102556953246,-0.38480779354441264,-4.224727503844126e-07,-0.0064665143611504685,0.27923281407012523,-0.37311954334855413,2.7740508538278567e-05,-0.005431501346816859,0.11102363052831739,0.0002459795365506454,-0.0003057367962353251,1150.7749241958816,26.462985532648602,0.017909742182306246,-0.022289833350846402,11.461245976962166,24.352367743166624,0.017364528767561584,-0.008860364127238948,5.201025002689766,23.253097224455292,0.01718573727803674,0.05692604817554535,1.6272432880797023,-0.007991372260999653,0.006028005512510936
-24.443428349875234,-0.19033078438718368,-5.9644306254377e-06,-0.0005389930321067706,-0.3218779950077447,-0.31406106779072873,-0.00013975106685135377,-0.006124050573173035,-0.03126751045632736,-0.140045437873929,-0.00010752223442544006,-0.005733750283117403,0.014556306642633826,-0.000270541213668526,0.00010534595090235378,1126.3314958460064,26.27265474826142,0.01790377775168081,-0.022828826382953173,11.139367981954422,24.038306675375896,0.01722477770071023,-0.014984414700411983,5.169757492233439,23.113051786581362,0.0170782150436113,0.05119229789242794,1.641799594722336,-0.008261913474668179,0.00613335146341329
-35.942620764254855,-0.15380168883309991,-3.2501644920154492e-06,8.281050076980068e-05,-0.4166914549026295,-0.2981921546250969,-0.00012020480600202823,-0.004921318082801036,-0.285464582063497,-0.06279935672483852,-0.00016215358374804136,-0.003235819345719182,-0.06550523623506706,-0.00021909823320164922,0.00012944055796605312,1090.3888750817514,26.118853059428318,0.017900527587188794,-0.022746015882183373,10.722676527051792,23.740114520750797,0.017104572894708202,-0.019905732783213018,4.884292910169942,23.050252429856524,0.016916061459863258,0.04795647854670876,1.576294358487269,-0.008481011707869829,0.006262792021379343
-51.172120394290914,-0.12072599397622297,-2.033591089359193e-05,0.001689446789389608,-0.31724656523294936,-0.25091710999312417,-7.702216998127169e-05,-0.0022514059510371064,-0.2826999639822508,-0.0910771603479042,-0.00011476627314363485,-0.0008083051252429092,-0.05196851510645979,-0.0006761965429357059,0.0006641231687505777,1039.2167546874605,25.998127065452096,0.017880191676295204,-0.021056569092793766,10.405429961818843,23.489197410757672,0.01702755072472693,-0.022157138734250126,4.601592946187691,22.95917526950862,0.016801295186719623,0.04714817342146585,1.5243258433808093,-0.009157208250805534,0.006926915190129921
-53.86086763223474,-0.07698944779974032,-3.8867746120379435e-05,0.0035986309531744073,-0.11926685795334986,-0.16712729515010638,-2.9902462840857704e-05,0.0006284819078833848,-0.0962787827961008,-0.10491830243926785,-6.657636318482634e-05,0.0013440631152997857,0.03172245396745966,0.0004883189002708825,0.0002453602311646378,985.3558870552258,25.921137617652356,0.017841323930174822,-0.01745793813961936,10.286163103865494,23.322070115607566,0.016997648261886072,-0.021528656826366743,4.50531416339159,22.854256967069354,0.016734718823534795,0.04849223653676564,1.556048297348269,-0.008668889350534652,0.007172275421294559
-29.83095607537231,-0.055674377574215256,-6.474938971242205e-05,0.004913612190750906,0.02623811841243409,-0.12285849329314366,-4.142558311307674e-05,0.0028694472553353017,0.06949253152944161,-0.10546479174621923,-5.5455047618987614e-05,0.0024561787614699685,0.10305895672692317,-0.0002738806790895202,0.000611764426250401,955.5249309798535,25.86546324007814,0.0177765745404624,-0.012544325948868455,10.312401222277927,23.199211622314422,0.016956222678772996,-0.01865920957103144,4.574806694921032,22.748792175323132,0.016679263775915807,0.05094841529823561,1.659107254075192,-0.008942770029624172,0.00778403984754496
-17.084845059766682,-0.03537752498419615,-6.329509267571803e-05,0.004657493711033319,0.07495786897975834,-0.0985848030104679,-5.064111957670465e-05,0.0027388522381509633,0.1696672858058211,-0.09243436715907731,-7.248064635534325e-05,0.0020372543110834217,0.12572130585688787,-0.0005836654402297371,0.0004386940858060386,938.4400859200869,25.830085715093944,0.01771327944778668,-0.007886832237835135,10.387359091257686,23.100626819303955,0.01690558155919629,-0.015920357332880476,4.744473980726853,22.656357808164056,0.016606783129560466,0.052985669609319025,1.7848285599320801,-0.009526435469853909,0.008222733933350998
-15.317548086457883,-0.027204511240021788,-8.493068306783714e-05,0.0029433266678130805,0.09951429646009557,-0.09731504978256225,-4.490594104624317e-05,0.0010729436197956233,0.16024620300372314,-0.08372539871400567,-8.649465728124094e-05,-0.00017296941573625356,0.10292258130969277,-0.0002860727147101487,3.9219056955469073e-05,923.1225378336289,25.80288120385392,0.017628348764718846,-0.0049435055700220555,10.48687338771778,23.003311769521392,0.016860675618150047,-0.014847413713084852,4.904720183730577,22.57263240945005,0.016520288472279224,0.05281270019358278,1.8877511412417727,-0.009812508184564058,0.008261952990306468
