Date,"Cat","Dog"
2015-07-01,7675,8585
2015-07-02,7650,8427
2015-07-03,7438,7650
2015-07-04,7177,7071
2015-07-05,7586,7868
2015-07-06,8410,8575
2015-07-07,8211,8428
2015-07-08,8019,8506
2015-07-09,7997,8673
2015-07-10,7501,7999
2015-07-11,6765,7329
2015-07-12,7681,8425
2015-07-13,7841,8513
2015-07-14,9087,8275
2015-07-15,7533,8286
2015-07-16,7495,8158
2015-07-17,7158,7777
2015-07-18,7009,7739
2015-07-19,7608,7792
2015-07-20,8164,9287
2015-07-21,8009,8643
2015-07-22,7787,8178
2015-07-23,7708,8626
2015-07-24,7467,7908
2015-07-25,7247,7156
2015-07-26,7644,8382
2015-07-27,8366,8763
2015-07-28,8691,8646
2015-07-29,8780,8634
2015-07-30,8447,8490
2015-07-31,7993,8131
2015-08-01,7601,7623
2015-08-02,8149,7844
2015-08-03,8032,7846
2015-08-04,8981,8767
2015-08-05,8438,8429
2015-08-06,8386,8219
2015-08-07,7939,7639
2015-08-08,7848,7507
2015-08-09,8598,8323
2015-08-10,8521,8118
2015-08-11,8417,8738
2015-08-12,8347,8752
2015-08-13,8488,8593
2015-08-14,8613,7830
2015-08-15,8071,7910
2015-08-16,8520,8548
2015-08-17,9311,8689
2015-08-18,9337,8925
2015-08-19,8885,9008
2015-08-20,9515,9152
2015-08-21,8560,8738
2015-08-22,8115,8880
2015-08-23,8866,8227
2015-08-24,9646,8659
2015-08-25,9274,9180
2015-08-26,9608,9697
2015-08-27,9276,8992
2015-08-28,9782,8158
2015-08-29,8514,6995
2015-08-30,8736,7878
2015-08-31,9270,8795
2015-09-01,10216,10812
2015-09-02,9700,9143
2015-09-03,10548,11006
2015-09-04,11439,9678
2015-09-05,8522,7325
2015-09-06,8955,8224
2015-09-07,9811,8533
2015-09-08,10392,10123
2015-09-09,10164,10025
2015-09-10,10305,10340
2015-09-11,9679,9019
2015-09-12,8519,7835
2015-09-13,9212,8662
2015-09-14,10204,9927
2015-09-15,10576,10321
2015-09-16,9891,9563
2015-09-17,11260,9674
2015-09-18,10038,9122
2015-09-19,9109,8143
2015-09-20,9378,8606
2015-09-21,10447,10024
2015-09-22,10715,9595
2015-09-23,9839,9427
2015-09-24,10015,9191
2015-09-25,10079,8727
2015-09-26,8737,7228
2015-09-27,10886,7774
2015-09-28,10870,10095
2015-09-29,11280,10233
2015-09-30,10500,9612
2015-10-01,9045,9465
2015-10-02,8960,8862
2015-10-03,7772,7284
2015-10-04,8520,8120
2015-10-05,9668,10232
2015-10-06,10154,9980
2015-10-07,10073,10026
2015-10-08,9867,9675
2015-10-09,9069,8524
2015-10-10,7869,7424
2015-10-11,8705,8076
2015-10-12,9655,9303
2015-10-13,45550,9984
2015-10-14,10170,10262
2015-10-15,10253,9951
2015-10-16,8899,9110
2015-10-17,8269,7624
2015-10-18,8934,8218
2015-10-19,10197,10228
2015-10-20,10139,10376
2015-10-21,10078,10385
2015-10-22,9333,9784
2015-10-23,9216,9481
2015-10-24,7815,7579
2015-10-25,8643,8395
2015-10-26,9814,10018
2015-10-27,10263,9604
2015-10-28,9880,9650
2015-10-29,9886,9584
2015-10-30,8559,8302
2015-10-31,7220,7013
2015-11-01,7992,7531
2015-11-02,10038,9598
2015-11-03,9728,9857
2015-11-04,9873,9860
2015-11-05,9855,10045
2015-11-06,9028,8873
2015-11-07,7964,7530
2015-11-08,9119,8046
2015-11-09,10813,9577
2015-11-10,11247,10123
2015-11-11,11285,9228
2015-11-12,9815,9964
2015-11-13,8711,8906
2015-11-14,7478,6896
2015-11-15,7995,7786
2015-11-16,9799,9089
2015-11-17,10215,10387
2015-11-18,10213,9565
2015-11-19,9827,9590
2015-11-20,9355,9065
2015-11-21,7848,7355
2015-11-22,8939,8014
2015-11-23,9599,9234
2015-11-24,9859,8994
2015-11-25,9355,8475
2015-11-26,8306,8338
2015-11-27,8479,7437
2015-11-28,8275,7430
2015-11-29,8804,8167
2015-11-30,9805,9442
2015-12-01,9934,10250
2015-12-02,9941,10390
2015-12-03,9739,10223
2015-12-04,9583,9326
2015-12-05,8331,7804
2015-12-06,8795,8463
2015-12-07,9715,9620
2015-12-08,10039,13583
2015-12-09,10084,10347
2015-12-10,9365,9498
2015-12-11,9130,8576
2015-12-12,7924,7155
2015-12-13,8323,7689
2015-12-14,9886,8527
2015-12-15,9283,8684
2015-12-16,8963,8977
2015-12-17,8672,8549
2015-12-18,8078,7299
2015-12-19,8318,6469
2015-12-20,7839,6658
2015-12-21,7390,6984
2015-12-22,7369,7878
2015-12-23,81579,6665
2015-12-24,26227,6674
2015-12-25,6744,6322
2015-12-26,6964,6640
2015-12-27,7212,7103
2015-12-28,7786,7311
2015-12-29,7657,7118
2015-12-30,8146,7112
2015-12-31,6932,6650
2016-01-01,7077,6562
2016-01-02,7987,9389
2016-01-03,8317,7776
2016-01-04,8820,8359
2016-01-05,8935,9703
2016-01-06,9124,13283
2016-01-07,9289,9540
2016-01-08,8813,9399
2016-01-09,8092,7819
2016-01-10,8704,7815
2016-01-11,9103,9263
2016-01-12,9408,9083
2016-01-13,9464,9364
2016-01-14,9288,9863
2016-01-15,9302,9819
2016-01-16,7852,7117
2016-01-17,8661,8045
2016-01-18,9003,8408
2016-01-19,9731,9358
2016-01-20,9862,9771
2016-01-21,10561,10174
2016-01-22,8974,9147
2016-01-23,8479,7829
2016-01-24,9814,8272
2016-01-25,10314,9544
2016-01-26,9611,10765
2016-01-27,10850,11924
2016-01-28,9474,10943
2016-01-29,9109,9377
2016-01-30,7494,8018
2016-01-31,8635,8454
2016-02-01,9543,9403
2016-02-02,9342,10209
2016-02-03,10408,10672
2016-02-04,10030,10398
2016-02-05,9229,9712
2016-02-06,7670,7746
2016-02-07,8186,8209
2016-02-08,12299,9897
2016-02-09,9568,9943
2016-02-10,10009,9827
2016-02-11,10449,9781
2016-02-12,14479,9041
2016-02-13,7549,7353
2016-02-14,7790,7901
2016-02-15,8957,8508
2016-02-16,9250,10301
2016-02-17,9840,11100
2016-02-18,9636,10501
2016-02-19,8966,10008
2016-02-20,7614,7832
2016-02-21,8318,8231
2016-02-22,9567,10176
2016-02-23,9837,10582
2016-02-24,9648,10381
2016-02-25,9350,9850
2016-02-26,9074,8886
2016-02-27,9007,7357
2016-02-28,11584,8385
2016-02-29,10167,9837
2016-03-01,9628,9580
2016-03-02,9523,10023
2016-03-03,9387,10190
2016-03-04,8715,9227
2016-03-05,7563,8026
2016-03-06,8168,8647
2016-03-07,9111,10115
2016-03-08,9550,10108
2016-03-09,9354,9800
2016-03-10,9080,9764
2016-03-11,9171,8875
2016-03-12,7426,7543
2016-03-13,8129,8299
2016-03-14,9426,9860
2016-03-15,9360,10021
2016-03-16,10115,9799
2016-03-17,9392,9585
2016-03-18,8717,9096
2016-03-19,7418,7315
2016-03-20,8077,7914
2016-03-21,8900,9365
2016-03-22,8811,9110
2016-03-23,7975,9228
2016-03-24,7557,8880
2016-03-25,7307,7664
2016-03-26,7021,7114
2016-03-27,6982,7476
2016-03-28,8584,8923
2016-03-29,9162,9516
2016-03-30,8673,9544
2016-03-31,8424,9404
2016-04-01,8388,9329
2016-04-02,7456,7219
2016-04-03,7584,7793
2016-04-04,8600,9184
2016-04-05,8963,9763
2016-04-06,8866,9892
2016-04-07,9054,9636
2016-04-08,8180,9259
2016-04-09,7019,8000
2016-04-10,7995,8135
2016-04-11,8718,9914
2016-04-12,9212,9788
2016-04-13,9559,9949
2016-04-14,10260,9292
2016-04-15,8092,8578
2016-04-16,7132,7166
2016-04-17,7349,7128
2016-04-18,8739,8975
2016-04-19,8694,10104
2016-04-20,8800,9188
2016-04-21,8344,9124
2016-04-22,8205,8886
2016-04-23,7154,7502
2016-04-24,7466,7666
2016-04-25,8668,9296
2016-04-26,9200,9801
2016-04-27,9470,9883
2016-04-28,9183,9889
2016-04-29,8024,9092
2016-04-30,7051,7236
2016-05-01,7645,8053
2016-05-02,9131,10033
2016-05-03,9582,9850
2016-05-04,9243,9846
2016-05-05,8507,9725
2016-05-06,9777,9313
2016-05-07,7100,7785
2016-05-08,7571,8052
2016-05-09,9128,10221
2016-05-10,9670,10761
2016-05-11,9341,10172
2016-05-12,8965,9971
2016-05-13,8745,9840
2016-05-14,7318,7775
2016-05-15,7993,8394
2016-05-16,9514,10313
2016-05-17,9280,10392
2016-05-18,9228,9969
2016-05-19,8734,9726
2016-05-20,8782,8914
2016-05-21,7416,7443
2016-05-22,7698,7936
2016-05-23,8503,9215
2016-05-24,8958,10905
2016-05-25,8897,9324
2016-05-26,10462,8770
2016-05-27,9434,8305
2016-05-28,6734,6800
2016-05-29,6885,6971
2016-05-30,7625,8014
2016-05-31,8029,8962
2016-06-01,8716,9201
2016-06-02,8054,9252
2016-06-03,7322,8685
2016-06-04,6814,7908
2016-06-05,7871,7998
2016-06-06,8088,8673
2016-06-07,7805,8631
2016-06-08,8389,8537
2016-06-09,8031,8486
2016-06-10,7260,7986
2016-06-11,6415,7980
2016-06-12,7135,7279
2016-06-13,7553,7800
2016-06-14,7893,8653
2016-06-15,8553,8711
2016-06-16,7597,8445
2016-06-17,7321,7584
2016-06-18,6722,7105
2016-06-19,7139,7489
2016-06-20,7843,8135
2016-06-21,8522,9086
2016-06-22,8102,9044
2016-06-23,8460,9034
2016-06-24,6806,7838
2016-06-25,6331,7476
2016-06-26,7601,8309
2016-06-27,7717,8743
2016-06-28,8429,8503
2016-06-29,7382,8198
2016-06-30,7205,7999
2016-07-01,6760,7270
2016-07-02,6424,7033
2016-07-03,6755,7512
2016-07-04,6844,7540
2016-07-05,6693,7956
2016-07-06,6891,8115
2016-07-07,6962,7896
2016-07-08,6361,7713
2016-07-09,6326,7545
2016-07-10,7291,7769
2016-07-11,7373,7338
2016-07-12,7197,7894
2016-07-13,7137,7365
2016-07-14,6806,7004
2016-07-15,7076,6603
2016-07-16,6040,6670
2016-07-17,6851,8073
2016-07-18,7117,7661
2016-07-19,7264,7890
2016-07-20,7020,7197
2016-07-21,6994,6767
2016-07-22,6117,6398
2016-07-23,5858,5975
2016-07-24,6676,7433
2016-07-25,7137,7018
2016-07-26,6961,7111
2016-07-27,7117,6596
2016-07-28,7120,7082
2016-07-29,6825,6605
2016-07-30,6674,6475
2016-07-31,7322,6718
2016-08-01,7202,6854
2016-08-02,7457,6833
2016-08-03,7263,6627
2016-08-04,6924,6896
2016-08-05,6554,6204
2016-08-06,5856,5760
2016-08-07,6413,6536
2016-08-08,7271,6471
2016-08-09,7138,6974
2016-08-10,6750,6751
2016-08-11,6877,6660
2016-08-12,6419,6372
2016-08-13,6183,5881
2016-08-14,6418,6596
2016-08-15,7470,6920
2016-08-16,7961,7744
2016-08-17,7041,7079
2016-08-18,6941,7059
2016-08-19,6445,7158
2016-08-20,6831,6218
2016-08-21,6731,6983
2016-08-22,7198,7496
2016-08-23,7260,7907
2016-08-24,7707,7959
2016-08-25,7494,8291
2016-08-26,7251,7942
2016-08-27,6316,6899
2016-08-28,6853,7326
2016-08-29,7662,8551
2016-08-30,7750,9539
2016-08-31,7725,9018
2016-09-01,7626,7834
2016-09-02,7043,7259
2016-09-03,6273,6157
2016-09-04,6373,6371
2016-09-05,7093,7342
2016-09-06,9158,8701
2016-09-07,8213,8991
2016-09-08,8022,8940
2016-09-09,8407,8397
2016-09-10,6569,6687
2016-09-11,6895,7208
2016-09-12,8004,8728
2016-09-13,8274,9307
2016-09-14,7952,9000
2016-09-15,8479,8772
2016-09-16,7480,7511
2016-09-17,7829,6231
2016-09-18,7228,7412
2016-09-19,8035,8628
2016-09-20,8289,8822
2016-09-21,8852,9371
2016-09-22,8552,8698
2016-09-23,8259,8064
2016-09-24,6481,6335
2016-09-25,7308,7112
2016-09-26,8478,8479
2016-09-27,8418,8272
2016-09-28,8785,8730
2016-09-29,8787,8744
2016-09-30,7854,8936
2016-10-01,6716,6229
2016-10-02,20264,6804
2016-10-03,9107,8229
2016-10-04,8904,8606
2016-10-05,8146,11641
2016-10-06,8298,9392
2016-10-07,7519,7431
2016-10-08,6747,6257
2016-10-09,7636,6433
2016-10-10,7876,7393
2016-10-11,8360,8127
2016-10-12,9153,8677
2016-10-13,8827,9182
2016-10-14,8729,8139
2016-10-15,7001,6364
2016-10-16,7551,7064
2016-10-17,8768,8502
2016-10-18,8959,9420
2016-10-19,8618,9104
2016-10-20,8741,8983
2016-10-21,8416,8178
2016-10-22,111903,6672
2016-10-23,7672,7171
2016-10-24,10111,8950
2016-10-25,8796,9077
2016-10-26,8754,10053
2016-10-27,8519,8834
2016-10-28,7959,7850
2016-10-29,7284,5836
2016-10-30,7449,6236
2016-10-31,8153,7478
2016-11-01,8348,8407
2016-11-02,8894,8710
2016-11-03,9272,9276
2016-11-04,8487,8134
2016-11-05,7383,7099
2016-11-06,8264,7559
2016-11-07,9119,8534
2016-11-08,8428,8480
2016-11-09,7738,8177
2016-11-10,8621,8532
2016-11-11,7656,7207
2016-11-12,7221,6170
2016-11-13,8143,6753
2016-11-14,9855,8543
2016-11-15,9696,10230
2016-11-16,9083,9035
2016-11-17,9142,8636
2016-11-18,8416,7725
2016-11-19,7201,6062
2016-11-20,7822,6969
2016-11-21,8555,8018
2016-11-22,8134,8045
2016-11-23,7933,8100
2016-11-24,7952,7355
2016-11-25,6810,6902
2016-11-26,6802,6277
2016-11-27,7306,6901
2016-11-28,8675,8626
2016-11-29,9336,8740
2016-11-30,9062,8805
2016-12-01,8778,8497
2016-12-02,8409,8277
2016-12-03,7092,6264
2016-12-04,8417,7438
2016-12-05,9336,8852
2016-12-06,8692,8728
2016-12-07,8914,9054
2016-12-08,8527,8396
2016-12-09,8753,7793
2016-12-10,7022,6266
2016-12-11,7431,6743
2016-12-12,8023,8048
2016-12-13,8360,8064
2016-12-14,8009,7942
2016-12-15,7495,7615
2016-12-16,6891,6623
2016-12-17,6077,5572
2016-12-18,6848,6365
2016-12-19,7442,6929
2016-12-20,7571,6902
2016-12-21,7074,6445
2016-12-22,6700,6059
2016-12-23,17384,5500
2016-12-24,49942,5276
2016-12-25,6656,5675
2016-12-26,6951,6215
2016-12-27,7170,6109
2016-12-28,6837,6142
2016-12-29,6914,6381
2016-12-30,7337,6164
2016-12-31,6329,5570
2017-01-01,6333,5902
2017-01-02,7564,7322
2017-01-03,8053,7776
2017-01-04,8113,7665
2017-01-05,8119,7669
2017-01-06,7498,7705
2017-01-07,6677,6366
2017-01-08,7319,6903
2017-01-09,8476,8407
2017-01-10,8547,8430
2017-01-11,8292,8198
2017-01-12,8606,8901
2017-01-13,8190,8194
2017-01-14,7235,6660
2017-01-15,7305,7224
2017-01-16,7833,7710
2017-01-17,9160,9207
2017-01-18,9554,9416
2017-01-19,9485,9517
2017-01-20,8089,8536
2017-01-21,6263,6635
2017-01-22,7172,7010
2017-01-23,8122,8540
2017-01-24,8239,8430
2017-01-25,8532,8491
2017-01-26,8731,9216
2017-01-27,7818,7889
2017-01-28,6390,6219
2017-01-29,7003,7192
2017-01-30,8263,8577
2017-01-31,8342,9122
2017-02-01,8553,9502
2017-02-02,8547,9947
2017-02-03,7591,8940
2017-02-04,6808,7505
2017-02-05,7316,9000
2017-02-06,8058,10319
2017-02-07,8468,10129
2017-02-08,8833,10233
2017-02-09,8402,10180
2017-02-10,8821,8841
2017-02-11,8421,6886
2017-02-12,7423,7660
2017-02-13,8282,9046
2017-02-14,8347,9193
2017-02-15,8885,9805
2017-02-16,9104,9605
2017-02-17,8207,8541
2017-02-18,6830,6990
2017-02-19,7324,7411
2017-02-20,7732,8754
2017-02-21,8809,9319
2017-02-22,9044,9404
2017-02-23,8794,9494
2017-02-24,8081,9278
2017-02-25,6670,6968
2017-02-26,12718,7981
2017-02-27,8815,9808
2017-02-28,9009,9890
2017-03-01,8748,9266
2017-03-02,8983,9325
2017-03-03,7763,8225
2017-03-04,7037,6346
2017-03-05,7560,6804
2017-03-06,8717,8983
2017-03-07,8784,9035
2017-03-08,8677,9079
2017-03-09,10612,8761
2017-03-10,8598,8521
2017-03-11,6548,6452
2017-03-12,7353,6848
2017-03-13,11867,8787
2017-03-14,8977,8449
2017-03-15,8646,8447
2017-03-16,9614,8044
2017-03-17,8022,7417
2017-03-18,6711,6000
2017-03-19,7276,6714
2017-03-20,9121,8303
2017-03-21,8845,8567
2017-03-22,12238,8642
2017-03-23,9621,8268
2017-03-24,8221,7696
2017-03-25,6645,5895
2017-03-26,8058,6607
2017-03-27,10205,8633
2017-03-28,9052,8251
2017-03-29,11418,8276
2017-03-30,9407,8192
2017-03-31,9333,7857
2017-04-01,7481,6071
2017-04-02,7044,6360
2017-04-03,11895,11640
2017-04-04,8847,8282
2017-04-05,9122,7955
2017-04-06,9248,8334
2017-04-07,7998,7467
2017-04-08,6736,7845
2017-04-09,6687,10261
2017-04-10,8517,9690
2017-04-11,12665,9811
2017-04-12,35913,7502
2017-04-13,8290,7011
2017-04-14,6178,6237
2017-04-15,5960,5530
2017-04-16,6121,5826
2017-04-17,8265,8504
2017-04-18,12535,11649
2017-04-19,8607,8384
2017-04-20,8212,10528
2017-04-21,7145,7961
2017-04-22,6525,5990
2017-04-23,6407,6335
2017-04-24,7698,8208
2017-04-25,7871,10977
2017-04-26,7678,8679
2017-04-27,7705,8002
2017-04-28,7503,7763
2017-04-29,5823,5793
2017-04-30,16212,6120
2017-05-01,7333,8075
2017-05-02,8934,11347
2017-05-03,8021,8326
2017-05-04,7803,7767
2017-05-05,7251,11992
2017-05-06,5820,5562
2017-05-07,6262,5971
2017-05-08,7297,8137
2017-05-09,7401,8878
2017-05-10,10560,9975
2017-05-11,7299,7845
2017-05-12,7272,14127
2017-05-13,6292,6593
2017-05-14,11869,7038
2017-05-15,75455,10369
2017-05-16,9485,15112
2017-05-17,8530,9100
2017-05-18,8148,8787
2017-05-19,7354,8130
2017-05-20,6347,6949
2017-05-21,6400,6472
2017-05-22,7442,7801
2017-05-23,10611,12733
2017-05-24,7481,7604
2017-05-25,7086,7125
2017-05-26,6694,27789
2017-05-27,5564,7055
2017-05-28,6329,8006
2017-05-29,6786,7209
2017-05-30,7595,10730
2017-05-31,7123,8141
2017-06-01,6874,7858
2017-06-02,6426,7198
2017-06-03,5661,6638
2017-06-04,6011,6744
2017-06-05,6640,7955
2017-06-06,7670,10190
2017-06-07,8514,9622
2017-06-08,6774,8584
2017-06-09,6821,12787
2017-06-10,5980,6561
2017-06-11,6362,7267
2017-06-12,7991,8797
2017-06-13,11502,8244
2017-06-14,6972,8477
2017-06-15,16947,8167
2017-06-16,6339,7759
2017-06-17,5781,7146
2017-06-18,6048,6055
2017-06-19,7567,7050
2017-06-20,8695,8956
2017-06-21,7650,7006
2017-06-22,8018,6650
2017-06-23,6284,13143
2017-06-24,6877,12796
2017-06-25,5889,9661
2017-06-26,12098,7333
2017-06-27,10176,6801
2017-06-28,6452,7022
2017-06-29,6145,6642
2017-06-30,6014,10615
2017-07-01,5718,6758
2017-07-02,6506,7747
2017-07-03,6306,7987
2017-07-04,6128,10363
2017-07-05,6453,9228
2017-07-06,6891,8724
2017-07-07,6093,8386
2017-07-08,6144,6111
2017-07-09,6941,6982
2017-07-10,6889,7273
2017-07-11,6827,10756
2017-07-12,7259,8377
2017-07-13,7027,7266
2017-07-14,6292,17616
2017-07-15,5995,7931
2017-07-16,6503,7545
2017-07-17,6989,9451
2017-07-18,6805,11065
2017-07-19,7048,8238
2017-07-20,6935,8392
2017-07-21,6552,7842
2017-07-22,5891,7401
2017-07-23,6382,7097
2017-07-24,6558,7135
2017-07-25,6377,8360
2017-07-26,6435,7207
2017-07-27,6242,6778
2017-07-28,184813,16046
2017-07-29,39450,7163
2017-07-30,7186,7607
2017-07-31,7138,8054
2017-08-01,6955,11816
2017-08-02,6819,12657
2017-08-03,6926,8335
2017-08-04,6583,7662
2017-08-05,6069,7289
2017-08-06,6168,6309
2017-08-07,6743,7340
2017-08-08,7026,7056
2017-08-09,6924,6931
2017-08-10,23279,8839
2017-08-11,8395,7813
2017-08-12,5999,6175
2017-08-13,6275,6911
2017-08-14,6672,7808
2017-08-15,6435,11495
2017-08-16,6800,7998
2017-08-17,6666,7913
2017-08-18,6515,8273
2017-08-19,6164,6667
2017-08-20,6657,7426
2017-08-21,6486,7223
2017-08-22,6711,7824
2017-08-23,6763,7938
2017-08-24,6344,7775
2017-08-25,5953,18091
2017-08-26,5685,12468
2017-08-27,5715,7187
2017-08-28,6606,10529
2017-08-29,6693,12270
2017-08-30,6768,11325
2017-08-31,15867,11427
2017-09-01,11103,9496
2017-09-02,5997,7470
2017-09-03,6198,8631
2017-09-04,6705,7644
2017-09-05,7115,8163
2017-09-06,6856,8478
2017-09-07,6950,7849
2017-09-08,6569,9995
2017-09-09,5990,6447
2017-09-10,6222,7090
2017-09-11,7331,8411
2017-09-12,7328,10260
2017-09-13,7410,9513
2017-09-14,7702,11635
2017-09-15,7437,9410
2017-09-16,6181,8277
2017-09-17,6663,8235
2017-09-18,7552,10465
2017-09-19,7519,10286
2017-09-20,7476,9798
2017-09-21,7055,8736
2017-09-22,7124,17573
2017-09-23,5725,7202
2017-09-24,6788,7446
2017-09-25,7339,8444
2017-09-26,7048,8802
2017-09-27,6868,8983
2017-09-28,6983,8733
2017-09-29,6323,7647
2017-09-30,5636,5861
2017-10-01,6324,6710
2017-10-02,7070,8210
2017-10-03,7580,9327
2017-10-04,7013,7726
2017-10-05,6930,8357
2017-10-06,6384,14751
2017-10-07,6092,6798
2017-10-08,6414,7256
2017-10-09,6913,10253
2017-10-10,7388,9362
2017-10-11,7285,8834
2017-10-12,7233,8702
2017-10-13,6451,7903
2017-10-14,5943,6528
2017-10-15,6345,6373
2017-10-16,7135,7760
2017-10-17,7126,8279
2017-10-18,7107,9117
2017-10-19,7592,9739
2017-10-20,7040,8418
2017-10-21,6250,6846
2017-10-22,6907,7607
2017-10-23,7784,12356
2017-10-24,7548,9601
2017-10-25,7391,9738
2017-10-26,7311,8614
2017-10-27,7053,8575
2017-10-28,5890,10193
2017-10-29,7062,9496
2017-10-30,7436,10523
2017-10-31,7027,11442
2017-11-01,7450,8152
2017-11-02,7482,9303
2017-11-03,7351,21382
2017-11-04,6773,7729
2017-11-05,7289,8435
2017-11-06,8410,11411
2017-11-07,8426,10482
2017-11-08,8161,10637
2017-11-09,8229,10520
2017-11-10,8369,9377
2017-11-11,6538,6895
2017-11-12,6807,7381
2017-11-13,7532,8050
2017-11-14,12797,10209
2017-11-15,11242,8830
2017-11-16,7738,8925
2017-11-17,7583,10879
2017-11-18,6556,8437
2017-11-19,7395,8644
2017-11-20,7836,9247
2017-11-21,7523,9930
2017-11-22,9331,9701
2017-11-23,6873,8156
2017-11-24,6118,7604
2017-11-25,6193,6932
2017-11-26,6721,7080
2017-11-27,7174,8103
2017-11-28,7379,8521
2017-11-29,7274,8208
2017-11-30,7268,8170
2017-12-01,6841,8311
2017-12-02,7092,5304
2017-12-03,6486,6082
2017-12-04,7080,8389
2017-12-05,7326,8027
2017-12-06,7214,7952
2017-12-07,6988,7388
2017-12-08,6192,6973
2017-12-09,5700,5567
2017-12-10,6107,5894
2017-12-11,6884,7696
2017-12-12,6924,7769
2017-12-13,6652,7867
2017-12-14,6394,7586
2017-12-15,6506,7037
2017-12-16,5674,5403
2017-12-17,5898,5968
2017-12-18,6545,11253
2017-12-19,6367,7203
2017-12-20,6228,6134
2017-12-21,6252,6970
2017-12-22,5438,5802
2017-12-23,5102,5226
2017-12-24,5215,5146
2017-12-25,5283,5474
2017-12-26,5600,5267
2017-12-27,5656,5724
2017-12-28,5928,6399
2017-12-29,5756,5728
2017-12-30,5513,5469
2017-12-31,5676,5387
2018-01-01,6018,5747
2018-01-02,6216,6282
2018-01-03,6486,6531
2018-01-04,7557,6658
2018-01-05,6385,6045
2018-01-06,6304,5592
2018-01-07,7103,6005
2018-01-08,8209,7339
2018-01-09,7735,8000
2018-01-10,7822,7820
2018-01-11,8385,7765
2018-01-12,7919,7256
2018-01-13,6311,5945
2018-01-14,6785,6061
2018-01-15,7200,7055
2018-01-16,9011,7645
2018-01-17,8421,8238
2018-01-18,8376,8068
2018-01-19,7569,6941
2018-01-20,6793,6000
2018-01-21,8206,6937
2018-01-22,7902,8698
2018-01-23,8238,8458
2018-01-24,7679,8143
2018-01-25,7705,8271
2018-01-26,6952,8425
2018-01-27,6254,6308
2018-01-28,7126,6859
2018-01-29,7873,9107
2018-01-30,7856,8384
2018-01-31,7901,8738
2018-02-01,7565,8406
2018-02-02,7078,7927
2018-02-03,6296,6300
2018-02-04,6817,6637
2018-02-05,7794,8474
2018-02-06,8134,8551
2018-02-07,7963,8238
2018-02-08,7323,8215
2018-02-09,7114,7691
2018-02-10,6102,6113
2018-02-11,6643,6638
2018-02-12,7598,8594
2018-02-13,7720,9604
2018-02-14,6906,7704
2018-02-15,6990,8157
2018-02-16,6582,8222
2018-02-17,6152,6464
2018-02-18,6598,6799
2018-02-19,7068,8222
2018-02-20,7489,8535
2018-02-21,7618,8602
2018-02-22,7616,8226
2018-02-23,7276,7594
2018-02-24,5975,5749
2018-02-25,7142,7057
2018-02-26,8078,8880
2018-02-27,8168,8404
2018-02-28,8079,8426
2018-03-01,7579,7995
2018-03-02,6989,7494
2018-03-03,6216,6191
2018-03-04,6961,6753
2018-03-05,7803,9131
2018-03-06,7976,8907
2018-03-07,7800,8438
2018-03-08,7726,8305
2018-03-09,7502,7585
2018-03-10,6357,6442
2018-03-11,7252,7323
2018-03-12,8174,9280
2018-03-13,8266,8950
2018-03-14,8001,8979
2018-03-15,7801,8409
2018-03-16,6917,9441
2018-03-17,6117,7263
2018-03-18,6783,8560
2018-03-19,7958,10503
2018-03-20,7535,9879
2018-03-21,7858,9646
2018-03-22,7797,8205
2018-03-23,7122,7582
2018-03-24,5864,5877
2018-03-25,6465,6166
2018-03-26,7056,7941
2018-03-27,7507,7715
2018-03-28,9050,7297
2018-03-29,7352,7074
2018-03-30,6561,6436
2018-03-31,5961,5663
2018-04-01,6288,5950
2018-04-02,7076,7219
2018-04-03,7368,7366
2018-04-04,7198,7364
2018-04-05,7498,8254
2018-04-06,6757,8034
2018-04-07,6076,6530
2018-04-08,6527,6638
2018-04-09,7651,8516
2018-04-10,7432,8668
2018-04-11,7494,8717
2018-04-12,7626,8868
2018-04-13,7457,8226
2018-04-14,6595,6119
2018-04-15,6721,6489
2018-04-16,7777,8706
2018-04-17,7667,8361
2018-04-18,7434,8260
2018-04-19,7329,8426
2018-04-20,6926,7150
2018-04-21,5581,5986
2018-04-22,6396,6279
2018-04-23,7712,8656
2018-04-24,7420,8217
2018-04-25,7867,8339
2018-04-26,7171,7669
2018-04-27,6769,7447
2018-04-28,5639,5730
2018-04-29,6032,6085
2018-04-30,6900,8246
2018-05-01,7125,8191
2018-05-02,7086,7584
2018-05-03,6764,7764
2018-05-04,6440,7397
2018-05-05,5390,5731
2018-05-06,6123,6203
2018-05-07,6793,8331
2018-05-08,6860,10241
2018-05-09,7027,16769
2018-05-10,7211,9472
2018-05-11,6560,7404
2018-05-12,5366,5837
2018-05-13,6176,6016
2018-05-14,7061,8544
2018-05-15,7132,8026
2018-05-16,7473,9120
2018-05-17,7542,8057
2018-05-18,6434,7469
2018-05-19,5554,5529
2018-05-20,6126,5933
2018-05-21,7396,8849
2018-05-22,7694,8339
2018-05-23,7330,8068
2018-05-24,7055,7293
2018-05-25,6588,7044
2018-05-26,5630,5629
2018-05-27,6080,6109
2018-05-28,6694,7238
2018-05-29,6872,7457
2018-05-30,6751,7941
2018-05-31,6575,7515
2018-06-01,6189,8231
2018-06-02,5831,5879
2018-06-03,6434,6103
2018-06-04,7121,7539
2018-06-05,7439,6744
2018-06-06,7090,6557
2018-06-07,6768,7280
2018-06-08,6370,6575
2018-06-09,5717,5695
2018-06-10,6869,6079
2018-06-11,6615,7002
2018-06-12,7112,7330
2018-06-13,7853,7074
2018-06-14,6128,7849
2018-06-15,5707,6045
2018-06-16,5553,5613
2018-06-17,6093,6145
2018-06-18,6492,6734
2018-06-19,6231,6611
2018-06-20,6436,6147
2018-06-21,6142,6001
2018-06-22,5641,5968
2018-06-23,5952,6075
2018-06-24,5982,5799
2018-06-25,6793,6864
2018-06-26,6492,6671
2018-06-27,6145,6631
2018-06-28,6243,6181
2018-06-29,5769,6208
2018-06-30,5453,5527
2018-07-01,6008,6171
2018-07-02,6391,6591
2018-07-03,6126,6427
2018-07-04,6132,6406
2018-07-05,6258,6567
2018-07-06,5964,5903
2018-07-07,5949,5470
2018-07-08,6217,6148
2018-07-09,6587,6885
2018-07-10,6424,6120
2018-07-11,6167,6530
2018-07-12,6031,6185
2018-07-13,5782,6185
2018-07-14,5709,6362
2018-07-15,6170,6843
2018-07-16,6295,6662
2018-07-17,6353,6131
2018-07-18,6207,6383
2018-07-19,6201,6232
2018-07-20,5796,6274
2018-07-21,5665,5863
2018-07-22,6439,6621
2018-07-23,6623,7052
2018-07-24,6446,6541
2018-07-25,6427,6426
2018-07-26,6216,6333
2018-07-27,5975,5940
2018-07-28,5885,5815
2018-07-29,7125,6816
2018-07-30,6783,6901
2018-07-31,7063,6822
2018-08-01,6318,6410
2018-08-02,5942,6747
2018-08-03,5889,6252
2018-08-04,5767,5988
2018-08-05,6229,6302
2018-08-06,6948,7462
2018-08-07,6824,7309
2018-08-08,7337,6960
2018-08-09,6563,6675
2018-08-10,6054,6416
2018-08-11,5512,5778
2018-08-12,6094,6391
2018-08-13,6233,6999
2018-08-14,6153,6908
2018-08-15,6134,8958
2018-08-16,6121,7233
2018-08-17,5763,8373
2018-08-18,5585,6098
2018-08-19,5869,6575
2018-08-20,6212,9077
2018-08-21,5879,8439
2018-08-22,6485,8480
2018-08-23,6769,8602
2018-08-24,6035,9264
2018-08-25,5452,5660
2018-08-26,5880,6189
2018-08-27,6228,8123
2018-08-28,6553,7879
2018-08-29,6634,8223
2018-08-30,6479,7848
2018-08-31,6624,7250
2018-09-01,5735,5489
2018-09-02,6007,6018
2018-09-03,6446,7323
2018-09-04,6261,7848
2018-09-05,6351,8372
2018-09-06,6449,8177
2018-09-07,6254,7749
2018-09-08,6085,6049
2018-09-09,6213,6556
2018-09-10,6730,8698
2018-09-11,6893,8339
2018-09-12,6988,8654
2018-09-13,7022,8859
2018-09-14,6582,8319
2018-09-15,5831,6426
2018-09-16,6923,7259
2018-09-17,8102,9774
2018-09-18,8372,9632
2018-09-19,7861,9279
2018-09-20,7325,10087
2018-09-21,6766,8859
2018-09-22,7166,7855
2018-09-23,6444,7168
2018-09-24,7653,9805
2018-09-25,7337,9621
2018-09-26,7442,8783
2018-09-27,7096,8840
2018-09-28,6385,8214
2018-09-29,5714,6672
2018-09-30,6127,7398
2018-10-01,6778,8731
2018-10-02,7702,9269
2018-10-03,7480,8702
2018-10-04,7827,9457
2018-10-05,6532,8499
2018-10-06,5934,6400
2018-10-07,6027,7030
2018-10-08,6564,8309
2018-10-09,7175,8685
2018-10-10,7525,8553
2018-10-11,7312,8641
2018-10-12,6411,7795
2018-10-13,5980,11803
2018-10-14,6505,7059
2018-10-15,7954,9343
2018-10-16,7580,8725
2018-10-17,7670,9415
2018-10-18,7790,8654
2018-10-19,6912,7975
2018-10-20,6014,6828
2018-10-21,6654,10574
2018-10-22,7455,9619
2018-10-23,7248,9645
2018-10-24,7164,9468
2018-10-25,7280,8806
2018-10-26,6325,8189
2018-10-27,6774,6312
2018-10-28,6645,7029
2018-10-29,7552,9191
2018-10-30,7478,8977
2018-10-31,6997,8196
2018-11-01,8905,8502
2018-11-02,6951,8031
2018-11-03,6214,6805
2018-11-04,7831,7306
2018-11-05,7435,9330
2018-11-06,8655,8949
2018-11-07,7566,10470
2018-11-08,7739,9997
2018-11-09,7023,8061
2018-11-10,6647,6212
2018-11-11,7060,6330
2018-11-12,8500,8010
2018-11-13,8321,8496
2018-11-14,7903,8526
2018-11-15,7642,8160
2018-11-16,8831,7674
2018-11-17,6737,6464
2018-11-18,6696,7030
2018-11-19,8323,7969
2018-11-20,8138,7126
2018-11-21,7159,6871
2018-11-22,6709,7288
2018-11-23,5969,6244
2018-11-24,6007,6580
2018-11-25,6574,6439
2018-11-26,7139,8142
2018-11-27,7325,7814
2018-11-28,7470,8001
2018-11-29,6996,7674
2018-11-30,6321,7348
2018-12-01,5694,6011
2018-12-02,6391,8780
2018-12-03,7188,9568
2018-12-04,7151,7816
2018-12-05,7084,7198
2018-12-06,7240,7323
2018-12-07,6644,6727
2018-12-08,6041,5493
2018-12-09,6664,5799
2018-12-10,7312,7723
2018-12-11,7237,7796
2018-12-12,6968,7680
2018-12-13,6719,7717
2018-12-14,6420,6937
2018-12-15,5616,5312
2018-12-16,5962,6643
2018-12-17,6473,7254
2018-12-18,6328,6593
2018-12-19,6079,6227
2018-12-20,6580,5770
2018-12-21,5644,5225
2018-12-22,5347,5340
2018-12-23,5656,6063
2018-12-24,5710,5903
2018-12-25,5483,5702
2018-12-26,5746,5863
2018-12-27,5941,5605
2018-12-28,5533,5578
2018-12-29,5592,6972
2018-12-30,6057,6009
2018-12-31,5681,6146
2019-01-01,5756,5294
2019-01-02,6365,6391
2019-01-03,6581,6465
2019-01-04,6089,6081
2019-01-05,5845,5298
2019-01-06,6416,5864
2019-01-07,6697,6498
2019-01-08,7377,7046
2019-01-09,7609,7896
2019-01-10,7065,7825
2019-01-11,6771,7480
2019-01-12,6364,5786
2019-01-13,6743,5876
2019-01-14,7176,7749
2019-01-15,7209,8189
2019-01-16,7497,7675
2019-01-17,7162,7900
2019-01-18,6746,6623
2019-01-19,6181,5893
2019-01-20,6778,6849
2019-01-21,6942,7952
2019-01-22,7253,7746
2019-01-23,7187,7792
2019-01-24,8446,8039
2019-01-25,7059,7047
2019-01-26,5718,7838
2019-01-27,6508,6462
2019-01-28,7023,8158
2019-01-29,6950,7798
2019-01-30,6813,7634
2019-01-31,7462,8047
2019-02-01,6685,7063
2019-02-02,5719,5779
2019-02-03,6346,6236
2019-02-04,11390,7802
2019-02-05,12386,8128
2019-02-06,7025,7770
2019-02-07,7236,8295
2019-02-08,6411,6997
2019-02-09,6053,7547
2019-02-10,6356,10617
2019-02-11,7062,7746
2019-02-12,6738,7864
2019-02-13,6841,7281
2019-02-14,6548,6915
2019-02-15,6148,6376
2019-02-16,5806,5412
2019-02-17,6293,6006
2019-02-18,6696,6541
2019-02-19,7133,7465
2019-02-20,7146,7611
2019-02-21,6814,7374
2019-02-22,6468,7434
2019-02-23,6000,5919
2019-02-24,6409,6731
2019-02-25,6943,8123
2019-02-26,7267,8028
2019-02-27,6905,7853
2019-02-28,6664,7532
2019-03-01,6320,6673
2019-03-02,5861,5934
2019-03-03,6156,6402
2019-03-04,6844,8135
2019-03-05,6972,7991
2019-03-06,7079,9552
2019-03-07,6942,8515
2019-03-08,6356,7166
2019-03-09,5809,5932
2019-03-10,6432,6386
2019-03-11,7030,7523
2019-03-12,6856,7489
2019-03-13,6759,7470
2019-03-14,6716,7880
2019-03-15,5909,6846
2019-03-16,5366,5922
2019-03-17,6429,6545
2019-03-18,6599,7847
2019-03-19,6664,7421
2019-03-20,6673,7757
2019-03-21,6534,7431
2019-03-22,5893,6670
2019-03-23,5345,6515
2019-03-24,5710,6003
2019-03-25,6645,7376
2019-03-26,6530,7405
2019-03-27,6686,7368
2019-03-28,6328,7377
2019-03-29,5931,6871
2019-03-30,5437,5945
2019-03-31,5935,6257
2019-04-01,6300,7412
2019-04-02,6521,7208
2019-04-03,6847,7205
2019-04-04,6791,7907
2019-04-05,6433,6936
2019-04-06,5424,5704
2019-04-07,5974,6144
2019-04-08,6711,7521
2019-04-09,6781,7322
2019-04-10,6338,7263
2019-04-11,6948,7441
2019-04-12,6299,7004
2019-04-13,5396,5624
2019-04-14,6096,6265
2019-04-15,6086,7248
2019-04-16,6098,6378
2019-04-17,5990,6594
2019-04-18,5854,6197
2019-04-19,5750,6457
2019-04-20,5469,5513
2019-04-21,5577,5658
2019-04-22,6020,7100
2019-04-23,6174,6382
2019-04-24,6203,6668
2019-04-25,6264,7150
2019-04-26,5933,6178
2019-04-27,5488,5273
2019-04-28,5826,5584
2019-04-29,6419,7028
2019-04-30,6866,6731
2019-05-01,6209,6695
2019-05-02,6551,7085
2019-05-03,6241,6197
2019-05-04,5435,5415
2019-05-05,5862,5504
2019-05-06,6061,7609
2019-05-07,7011,7990
2019-05-08,6485,8253
2019-05-09,6647,8171
2019-05-10,6178,7497
2019-05-11,5499,6850
2019-05-12,5568,6922
2019-05-13,6256,7596
2019-05-14,6635,7719
2019-05-15,6325,7550
2019-05-16,6498,8058
2019-05-17,7416,7877
2019-05-18,6351,6464
2019-05-19,7506,6405
2019-05-20,7571,8173
2019-05-21,7567,7853
2019-05-22,8260,8428
2019-05-23,6916,7806
2019-05-24,7485,7664
2019-05-25,5805,5823
2019-05-26,5655,6621
2019-05-27,6155,7356
2019-05-28,6975,7281
2019-05-29,6518,7401
2019-05-30,6230,6993
2019-05-31,6013,6457
2019-06-01,5239,5894
2019-06-02,5531,6313
2019-06-03,6303,7216
2019-06-04,6327,6857
2019-06-05,6464,6721
2019-06-06,6279,6789
2019-06-07,5710,6712
2019-06-08,5558,6083
2019-06-09,5580,6431
2019-06-10,6846,7205
2019-06-11,5939,6892
2019-06-12,6351,6848
2019-06-13,6551,6816
2019-06-14,5492,6318
2019-06-15,5386,5934
2019-06-16,5732,6197
2019-06-17,6319,7192
2019-06-18,6950,8235
2019-06-19,6441,7354
2019-06-20,6320,6764
2019-06-21,5921,6502
2019-06-22,5567,5946
2019-06-23,6236,6621
2019-06-24,6750,7264
2019-06-25,6029,6634
2019-06-26,5756,6669
2019-06-27,5735,6342
2019-06-28,5582,5996
2019-06-29,5505,5843
2019-06-30,5891,6377
2019-07-01,6627,6559
2019-07-02,5940,6440
2019-07-03,5787,6357
2019-07-04,5852,6396
2019-07-05,5387,6020
2019-07-06,5450,6131
2019-07-07,5912,6499
2019-07-08,6136,6777
2019-07-09,5899,6714
2019-07-10,5981,6687
2019-07-11,5994,6379
2019-07-12,5933,6141
2019-07-13,5568,6234
2019-07-14,6003,6745
2019-07-15,6550,8127
2019-07-16,7642,6707
2019-07-17,6379,6387
2019-07-18,6474,6593
2019-07-19,8023,6197
2019-07-20,6426,6465
2019-07-21,6461,7457
2019-07-22,6715,7881
2019-07-23,6256,7854
2019-07-24,6381,7740
2019-07-25,6106,7379
2019-07-26,5994,7085
2019-07-27,5633,7101
2019-07-28,5963,7707
2019-07-29,6809,8609
2019-07-30,6759,7338
2019-07-31,6309,6812
2019-08-01,5957,6967
2019-08-02,5476,6453
2019-08-03,5283,6259
2019-08-04,5525,6569
2019-08-05,5739,6877
2019-08-06,5802,6958
2019-08-07,5739,6973
2019-08-08,6207,6833
2019-08-09,6049,6496
2019-08-10,5585,6341
2019-08-11,5636,6860
2019-08-12,9530,7657
2019-08-13,5591,7682
2019-08-14,5690,7225
2019-08-15,5713,7630
2019-08-16,6158,7799
2019-08-17,5617,6846
2019-08-18,6369,8106
2019-08-19,6454,9376
2019-08-20,6743,11005
2019-08-21,7151,10328
2019-08-22,6474,9268
2019-08-23,6030,8148
2019-08-24,5424,6719
2019-08-25,6282,7248
2019-08-26,6436,8777
2019-08-27,6197,8479
2019-08-28,6243,8654
2019-08-29,6142,9217
2019-08-30,5858,8214
2019-08-31,5503,6717
2019-09-01,5564,7014
2019-09-02,6014,7109
2019-09-03,6305,8545
2019-09-04,6210,8384
2019-09-05,6010,9082
2019-09-06,5615,8588
2019-09-07,5461,9325
2019-09-08,5984,7468
2019-09-09,6953,9575
2019-09-10,7010,9485
2019-09-11,7004,9399
2019-09-12,7280,9807
2019-09-13,7350,8880
2019-09-14,6099,10400
2019-09-15,6541,6573
2019-09-16,7320,8290
2019-09-17,6994,7970
2019-09-18,7001,8181
2019-09-19,7236,8281
2019-09-20,6411,6770
2019-09-21,5948,5466
2019-09-22,6585,6653
2019-09-23,7452,9663
2019-09-24,7431,9628
2019-09-25,7223,7683
2019-09-26,6785,8070
2019-09-27,6550,7455
2019-09-28,6156,5750
2019-09-29,6590,6459
2019-09-30,7244,7750
2019-10-01,7334,7943
2019-10-02,7342,9466
2019-10-03,8249,8573
2019-10-04,6913,7073
2019-10-05,6390,5585
2019-10-06,6411,6180
2019-10-07,7218,7769
2019-10-08,6909,7956
2019-10-09,7162,8174
2019-10-10,6777,7711
2019-10-11,6552,7262
2019-10-12,5956,5903
2019-10-13,6849,6334
2019-10-14,6952,7612
2019-10-15,7171,8295
2019-10-16,7495,7739
2019-10-17,7360,7954
2019-10-18,6743,6752
2019-10-19,5884,5618
2019-10-20,6616,6818
2019-10-21,6882,8357
2019-10-22,7306,9882
2019-10-23,6705,8612
2019-10-24,6826,8036
2019-10-25,6659,8309
2019-10-26,5777,7085
2019-10-27,5895,7246
2019-10-28,6849,9473
2019-10-29,6855,9306
2019-10-30,6920,8769
2019-10-31,6175,6814
2019-11-01,5830,6410
2019-11-02,5640,5601
2019-11-03,6291,6034
2019-11-04,6821,8543
2019-11-05,7389,7916
2019-11-06,7122,7562
2019-11-07,7201,8379
2019-11-08,7299,7486
2019-11-09,6122,5891
2019-11-10,6831,5950
2019-11-11,7862,9204
2019-11-12,10680,11978
2019-11-13,10608,10823
2019-11-14,8572,9076
2019-11-15,5881,6813
2019-11-16,5716,5274
2019-11-17,6157,5716
2019-11-18,6710,8150
2019-11-19,6880,7850
2019-11-20,6820,7777
2019-11-21,6590,8555
2019-11-22,6489,8800
2019-11-23,5664,5458
2019-11-24,5909,6015
2019-11-25,6263,7254
2019-11-26,6908,8575
2019-11-27,6447,6626
2019-11-28,5994,6904
2019-11-29,5354,5884
2019-11-30,5436,5712
2019-12-01,5957,5844
2019-12-02,6554,7341
2019-12-03,6854,8182
2019-12-04,6526,7781
2019-12-05,6004,8135
2019-12-06,5820,7050
2019-12-07,5277,5473
2019-12-08,5515,5728
2019-12-09,6678,8347
2019-12-10,5849,7169
2019-12-11,6142,6642
2019-12-12,5796,6639
2019-12-13,5869,6440
2019-12-14,5133,5124
2019-12-15,5728,5411
2019-12-16,6011,6756
2019-12-17,9607,11968
2019-12-18,9348,12388
2019-12-19,6763,7044
2019-12-20,5550,5299
2019-12-21,5739,5281
2019-12-22,9534,5402
2019-12-23,6024,5859
2019-12-24,5520,5257
2019-12-25,5483,5598
2019-12-26,5640,5753
2019-12-27,5710,5642
2019-12-28,5645,5701
2019-12-29,5757,5974
2019-12-30,5922,5754
2019-12-31,5765,5531
2020-01-01,5523,5536
2020-01-02,6420,6297
2020-01-03,5679,5905
2020-01-04,5882,6134
2020-01-05,6142,6302
2020-01-06,6385,7361
2020-01-07,6732,7395
2020-01-08,6898,7480
2020-01-09,6929,7633
2020-01-10,7126,7626
2020-01-11,6406,6180
2020-01-12,6607,6692
2020-01-13,7380,8627
2020-01-14,7878,8748
2020-01-15,7478,8478
2020-01-16,7603,8784
2020-01-17,7918,8226
2020-01-18,6789,6825
2020-01-19,7365,7346
2020-01-20,8508,9185
2020-01-21,8067,8954
2020-01-22,7557,9217
2020-01-23,16461,8862
2020-01-24,21457,8124
2020-01-25,9708,6715
2020-01-26,11534,7233
2020-01-27,12857,8977
2020-01-28,13358,9437
2020-01-29,12673,9004
2020-01-30,12987,9320
2020-01-31,12170,8432
2020-02-01,11705,6374
2020-02-02,12380,7356
2020-02-03,12339,8596
2020-02-04,9965,8996
2020-02-05,9619,8825
2020-02-06,13136,8370
2020-02-07,9493,8533
2020-02-08,6354,6360
2020-02-09,6851,7069
2020-02-10,7461,8962
2020-02-11,7419,8726
2020-02-12,7698,9071
2020-02-13,7248,8480
2020-02-14,6421,7327
2020-02-15,6076,6338
2020-02-16,6553,6864
2020-02-17,12007,7802
2020-02-18,7345,8781
2020-02-19,8609,8714
2020-02-20,7634,8153
2020-02-21,16345,8188
2020-02-22,15626,6776
2020-02-23,8893,7814
2020-02-24,9945,9312
2020-02-25,8397,9325
2020-02-26,7261,8433
2020-02-27,6997,11289
2020-02-28,7016,14661
2020-02-29,6434,6854
2020-03-01,7286,9167
2020-03-02,9085,8522
2020-03-03,13798,8633
2020-03-04,12609,9835
2020-03-05,12325,8800
2020-03-06,12017,8566
2020-03-07,10492,11117
2020-03-08,11246,7072
2020-03-09,12457,8666
2020-03-10,12909,9004
2020-03-11,12243,8762
2020-03-12,9959,8593
2020-03-13,9797,7312
2020-03-14,10202,6943
2020-03-15,6175,6859
2020-03-16,6428,8098
2020-03-17,6148,7295
2020-03-18,6289,7763
2020-03-19,6467,8056
2020-03-20,6641,7235
2020-03-21,6096,6648
2020-03-22,6588,7053
2020-03-23,7264,8486
2020-03-24,7662,10116
2020-03-25,7899,8566
2020-03-26,10658,10687
2020-03-27,15456,14144
2020-03-28,19507,21116
2020-03-29,23239,24766
2020-03-30,21427,23339
2020-03-31,16029,16261
2020-04-01,13720,13457
2020-04-02,11990,12279
2020-04-03,11683,11859
2020-04-04,11173,10276
2020-04-05,11517,11981
2020-04-06,11959,10583
2020-04-07,10475,9762
2020-04-08,9982,9031
2020-04-09,9501,8925
2020-04-10,9302,8981
2020-04-11,9235,11165
2020-04-12,8773,8235
2020-04-13,9630,9302
2020-04-14,9577,9616
2020-04-15,9573,9619
2020-04-16,9730,9782
2020-04-17,9790,8878
2020-04-18,8799,8958
2020-04-19,9067,8525
2020-04-20,10219,9750
2020-04-21,9523,9233
2020-04-22,9888,9625
2020-04-23,9899,9405
2020-04-24,9347,9020
2020-04-25,8550,7879
2020-04-26,8829,8205
2020-04-27,10538,9136
2020-04-28,9718,9541
2020-04-29,9402,9567
2020-04-30,9902,9582
2020-05-01,9086,8735
2020-05-02,8241,7526
2020-05-03,8566,7845
2020-05-04,9183,8549
2020-05-05,9212,9022
2020-05-06,9206,9036
2020-05-07,8910,8642
2020-05-08,8615,8933
2020-05-09,7940,7787
2020-05-10,8305,7757
2020-05-11,8933,13411
2020-05-12,9809,11263
2020-05-13,9475,9910
2020-05-14,9133,9111
2020-05-15,9061,8777
2020-05-16,7909,7382
2020-05-17,7817,7604
2020-05-18,8371,8222
2020-05-19,8347,8760
2020-05-20,8081,8623
2020-05-21,8236,8430
2020-05-22,7590,8213
2020-05-23,7030,7344
2020-05-24,7147,7373
2020-05-25,8110,7768
2020-05-26,8609,8479
2020-05-27,8016,7991
2020-05-28,7725,8330
2020-05-29,7148,7952
2020-05-30,6610,6986
2020-05-31,6748,7180
2020-06-01,7271,7875
2020-06-02,6911,8626
2020-06-03,7807,9093
2020-06-04,9220,9425
2020-06-05,7835,9049
2020-06-06,7269,7963
2020-06-07,7531,14414
2020-06-08,7259,10730
2020-06-09,7203,9053
2020-06-10,7596,8723
2020-06-11,7452,9252
2020-06-12,7435,8371
2020-06-13,7921,7622
2020-06-14,6846,7940
2020-06-15,13391,8662
2020-06-16,7630,7924
2020-06-17,7619,8306
2020-06-18,7878,8582
2020-06-19,10110,8048
2020-06-20,7710,7170
2020-06-21,7287,7539
2020-06-22,7650,7848
2020-06-23,7118,7552
2020-06-24,7162,7590
2020-06-25,6687,7696
2020-06-26,6634,7772
2020-06-27,6626,7465
2020-06-28,6642,7421
2020-06-29,6618,7463
2020-06-30,6773,7558
2020-07-01,6659,7417
2020-07-02,6633,7848
2020-07-03,6809,7311
2020-07-04,6194,7162
2020-07-05,6557,6988
2020-07-06,6747,7481
2020-07-07,6916,7565
2020-07-08,7404,8019
2020-07-09,6780,7618
2020-07-10,8218,7820
2020-07-11,6658,7197
2020-07-12,7057,7620
2020-07-13,6891,7695
2020-07-14,7023,8055
2020-07-15,7136,7636
2020-07-16,7287,7668
2020-07-17,7393,7720
2020-07-18,6795,7526
2020-07-19,6896,7514
2020-07-20,7074,7601
2020-07-21,7315,8054
2020-07-22,7232,7931
2020-07-23,7287,7977
2020-07-24,7135,7614
2020-07-25,7023,7505
2020-07-26,7075,7293
2020-07-27,7669,7965
2020-07-28,7401,7989
2020-07-29,7362,7951
2020-07-30,7056,7542
2020-07-31,6641,7317
2020-08-01,6624,7191
2020-08-02,7110,7715
2020-08-03,7336,7878
2020-08-04,6847,7918
2020-08-05,7422,8359
2020-08-06,8897,7864
2020-08-07,10098,7911
2020-08-08,8656,7632
2020-08-09,7061,7333
2020-08-10,7303,7612
2020-08-11,8032,7205
2020-08-12,7859,8387
2020-08-13,7184,7947
2020-08-14,7520,7768
2020-08-15,6735,6855
2020-08-16,6761,7098
2020-08-17,6992,7687
2020-08-18,7036,7802
2020-08-19,7242,9198
2020-08-20,6962,8837
2020-08-21,7147,8251
2020-08-22,6818,7568
2020-08-23,7168,7604
2020-08-24,7443,8918
2020-08-25,7415,9320
2020-08-26,7391,9330
2020-08-27,7331,9358
2020-08-28,7344,8580
2020-08-29,6944,7818
2020-08-30,7031,7902
2020-08-31,7493,9203
2020-09-01,7465,9599
2020-09-02,7803,9315
2020-09-03,7948,9249
2020-09-04,7614,9057
2020-09-05,6886,7649
2020-09-06,6911,7761
2020-09-07,7447,8704
2020-09-08,7786,10002
2020-09-09,7734,9716
2020-09-10,7757,10352
2020-09-11,8037,10019
2020-09-12,7352,7928
2020-09-13,7025,8001
2020-09-14,7923,10006
2020-09-15,8317,10472
2020-09-16,8081,10166
2020-09-17,8325,10717
2020-09-18,8479,10139
2020-09-19,7267,8045
2020-09-20,8126,8677
2020-09-21,8384,10209
2020-09-22,8596,9922
2020-09-23,8464,10234
2020-09-24,8383,9945
2020-09-25,8270,8881
2020-09-26,7269,9064
2020-09-27,7404,9132
2020-09-28,7846,9546
2020-09-29,8230,10268
2020-09-30,8062,9875
2020-10-01,7848,9579
2020-10-02,7431,8565
2020-10-03,7399,7396
2020-10-04,7536,7671
2020-10-05,8174,9768
2020-10-06,9154,10424
2020-10-07,9592,10336
2020-10-08,8784,10326
2020-10-09,8120,9775
2020-10-10,7018,7853
2020-10-11,7358,8039
2020-10-12,7718,10045
2020-10-13,8482,10207
2020-10-14,8380,9870
2020-10-15,8749,10681
2020-10-16,8246,10220
2020-10-17,7573,7728
2020-10-18,8542,8363
2020-10-19,9234,10511
2020-10-20,8878,10525
2020-10-21,8668,10485
2020-10-22,8800,10515
2020-10-23,8910,10099
2020-10-24,7919,7592
2020-10-25,8009,8115
2020-10-26,8693,10269
2020-10-27,9156,10117
2020-10-28,8729,10339
2020-10-29,8968,9683
2020-10-30,8355,9959
2020-10-31,7251,7131
2020-11-01,7475,7739
2020-11-02,8486,9613
2020-11-03,8707,10005
2020-11-04,7933,9782
2020-11-05,8519,10735
2020-11-06,8293,10816
2020-11-07,7569,8011
2020-11-08,7895,8407
2020-11-09,9222,11241
2020-11-10,9369,11015
2020-11-11,9413,10426
2020-11-12,9464,11060
2020-11-13,8363,10007
2020-11-14,8450,9280
2020-11-15,8600,9126
2020-11-16,9210,11028
2020-11-17,9331,10852
2020-11-18,9441,11277
2020-11-19,9630,11369
2020-11-20,11520,10400
2020-11-21,13156,8561
2020-11-22,11111,8643
2020-11-23,9091,10134
2020-11-24,13843,9959
2020-11-25,12985,9090
2020-11-26,14466,9138
2020-11-27,14861,8786
2020-11-28,14423,8034
2020-11-29,14399,8283
2020-11-30,15563,10648
2020-12-01,15433,10826
2020-12-02,15791,11033
2020-12-03,17048,12401
2020-12-04,16659,10835
2020-12-05,10050,8083
2020-12-06,15438,8009
2020-12-07,16206,9881
2020-12-08,13163,10177
2020-12-09,15932,9938
2020-12-10,14155,10164
2020-12-11,14867,9443
2020-12-12,9626,7544
2020-12-13,7717,8215
2020-12-14,8792,10758
2020-12-15,11523,9929
2020-12-16,11420,28038
2020-12-17,15681,9194
2020-12-18,8385,8377
2020-12-19,7527,7247
2020-12-20,7630,7462
2020-12-21,7528,8092
2020-12-22,7663,7982
2020-12-23,7416,7290
2020-12-24,6751,6895
2020-12-25,6882,6934
2020-12-26,12916,7328
2020-12-27,13417,7231
2020-12-28,13223,7712
2020-12-29,9089,7707
2020-12-30,7715,7532
2020-12-31,7355,7149
2021-01-01,7703,6997
2021-01-02,7661,7396
2021-01-03,7727,7818
2021-01-04,8087,8841
2021-01-05,8540,9108
2021-01-06,12006,9197
2021-01-07,18912,9061
2021-01-08,15866,9407
2021-01-09,8023,8031
2021-01-10,8373,8166
2021-01-11,9104,9884
2021-01-12,22095,9964
2021-01-13,19105,10157
2021-01-14,11076,10701
2021-01-15,17734,10776
2021-01-16,17637,8038
2021-01-17,8307,8297
2021-01-18,10261,8761
2021-01-19,13200,10415
2021-01-20,16584,10727
2021-01-21,15869,10553
2021-01-22,15268,11091
2021-01-23,17542,8136
2021-01-24,13347,8630
2021-01-25,16194,10210
2021-01-26,19303,10941
2021-01-27,14827,10749
2021-01-28,19185,10728
2021-01-29,13097,9967
2021-01-30,20076,7953
2021-01-31,19739,8166
2021-02-01,17675,10480
2021-02-02,17948,10871
2021-02-03,20618,10794
2021-02-04,25001,11415
2021-02-05,22725,10469
2021-02-06,18438,7647
2021-02-07,22270,7832
2021-02-08,18135,10084
2021-02-09,21558,10853
2021-02-10,15984,10280
2021-02-11,16108,10382
2021-02-12,19016,9182
2021-02-13,21553,7706
2021-02-14,19552,7593
2021-02-15,20808,8538
2021-02-16,21168,9700
2021-02-17,19763,9586
2021-02-18,20164,9970
2021-02-19,16430,9611
2021-02-20,13578,7792
2021-02-21,15335,8074
2021-02-22,15162,10327
2021-02-23,13692,10375
2021-02-24,16398,11302
2021-02-25,14954,11245
2021-02-26,22172,10467
2021-02-27,13999,8390
2021-02-28,25857,9282
2021-03-01,21096,11316
2021-03-02,22617,11132
2021-03-03,25789,11245
2021-03-04,24842,11432
2021-03-05,24421,10075
2021-03-06,22336,9850
2021-03-07,21890,8186
2021-03-08,23182,9995
2021-03-09,23552,10636
2021-03-10,23124,10224
2021-03-11,21389,11720
2021-03-12,21729,9023
2021-03-13,16220,8046
2021-03-14,17506,8410
2021-03-15,18047,10351
2021-03-16,19819,10882
2021-03-17,22916,10331
2021-03-18,21850,10276
2021-03-19,21208,9434
2021-03-20,15295,7728
2021-03-21,21230,8067
2021-03-22,29277,10193
2021-03-23,25174,10830
2021-03-24,22228,10438
2021-03-25,30118,10516
2021-03-26,28142,9321
2021-03-27,22895,7427
2021-03-28,26482,8063
2021-03-29,24309,9026
2021-03-30,26906,9066
2021-03-31,27743,8380
2021-04-01,27221,8417
2021-04-02,11439,7244
2021-04-03,14231,6859
2021-04-04,13750,6913
2021-04-05,18066,8218
2021-04-06,23235,8460
2021-04-07,17540,8857
2021-04-08,24607,9352
2021-04-09,28335,8295
2021-04-10,23059,7406
2021-04-11,22879,7291
2021-04-12,23346,9511
2021-04-13,17108,9028
2021-04-14,16312,8960
2021-04-15,20399,10036
2021-04-16,26388,8779
2021-04-17,23317,7378
2021-04-18,22506,7338
2021-04-19,23250,9819
2021-04-20,25181,9277
2021-04-21,25631,9198
2021-04-22,22061,9470
2021-04-23,20462,8456
2021-04-24,21776,6668
2021-04-25,23661,6905
2021-04-26,17139,8673
2021-04-27,16726,8722
2021-04-28,17242,8604
2021-04-29,14661,8583
2021-04-30,8492,8355
2021-05-01,7394,6449
2021-05-02,12346,6453
2021-05-03,12250,8614
2021-05-04,11726,8415
2021-05-05,15073,8479
2021-05-06,21245,8856
2021-05-07,17866,8302
2021-05-08,24367,6957
2021-05-09,24280,6693
2021-05-10,24607,8950
2021-05-11,20614,8960
2021-05-12,18286,8390
2021-05-13,24365,8164
2021-05-14,17084,7671
2021-05-15,21746,6592
2021-05-16,20237,6713
2021-05-17,17261,8572
2021-05-18,25703,8745
2021-05-19,17104,8548
2021-05-20,14990,8775
2021-05-21,17479,8001
2021-05-22,18721,6976
2021-05-23,19226,6721
2021-05-24,19138,7931
2021-05-25,15550,8206
2021-05-26,19615,8395
2021-05-27,27290,8215
2021-05-28,22880,7542
2021-05-29,22363,6379
2021-05-30,22534,6670
2021-05-31,23386,7283
2021-06-01,24899,8285
2021-06-02,23614,7892
2021-06-03,27213,8143
2021-06-04,23862,7717
2021-06-05,18320,7396
2021-06-06,21371,6960
2021-06-07,21281,7227
2021-06-08,23163,7771
2021-06-09,21598,7401
2021-06-10,9509,7060
2021-06-11,8161,6799
2021-06-12,7473,6044
2021-06-13,7559,6367
2021-06-14,8224,7327
2021-06-15,26982,7053
2021-06-16,20893,7276
2021-06-17,26850,6739
2021-06-18,23065,6187
2021-06-19,22184,6096
2021-06-20,25704,6497
2021-06-21,21966,6694
2021-06-22,25345,7099
2021-06-23,26249,6654
2021-06-24,21386,6450
2021-06-25,27736,6336
2021-06-26,29813,5587
2021-06-27,29631,6101
2021-06-28,27438,6664
2021-06-29,28307,6917
2021-06-30,24394,6525
2021-07-01,27259,6954
2021-07-02,24965,6556
2021-07-03,26812,6023
2021-07-04,27374,6155
2021-07-05,21967,6593
2021-07-06,24272,6747
2021-07-07,24860,6829
2021-07-08,19101,6487
2021-07-09,25799,6537
2021-07-10,24142,6129
2021-07-11,25125,5986
2021-07-12,25311,6449
2021-07-13,27376,6544
2021-07-14,27135,6623
2021-07-15,30363,7245
2021-07-16,27179,6523
2021-07-17,27642,6309
2021-07-18,26490,6193
2021-07-19,23842,6539
2021-07-20,28540,6454
2021-07-21,24611,6713
2021-07-22,20261,6766
2021-07-23,31367,6817
2021-07-24,24659,5934
2021-07-25,24425,6022
2021-07-26,18057,6108
2021-07-27,26739,6323
2021-07-28,15913,6404
2021-07-29,34149,6231
2021-07-30,15910,6179
2021-07-31,22784,5707
2021-08-01,19906,5837
2021-08-02,21380,6700
2021-08-03,23244,6677
2021-08-04,20516,6598
2021-08-05,16254,6342
2021-08-06,21064,6406
2021-08-07,22417,5927
2021-08-08,27366,5905
2021-08-09,19137,6521
2021-08-10,15687,6879
2021-08-11,27777,7062
2021-08-12,26406,7708
2021-08-13,29185,7057
2021-08-14,24252,6437
2021-08-15,29362,6607
2021-08-16,24815,6967
2021-08-17,30537,7212
2021-08-18,27205,7234
2021-08-19,25081,7912
2021-08-20,27864,7474
2021-08-21,32698,6757
2021-08-22,31279,6481
2021-08-23,30255,7895
2021-08-24,25100,7801
2021-08-25,21680,7989
2021-08-26,15833,8795
2021-08-27,24077,8231
2021-08-28,20391,6948
2021-08-29,19024,6833
2021-08-30,14203,8491
2021-08-31,26510,8721
2021-09-01,23733,8622
2021-09-02,32157,8712
2021-09-03,23342,8058
2021-09-04,24932,6788
2021-09-05,29612,7253
2021-09-06,29203,7730
2021-09-07,31441,9174
2021-09-08,22547,8870
2021-09-09,26937,9024
2021-09-10,32232,8304
2021-09-11,7684,6595
2021-09-12,8009,7089
2021-09-13,9157,8766
2021-09-14,16266,9088
2021-09-15,27539,9162
2021-09-16,31795,9464
2021-09-17,24473,9141
2021-09-18,23991,6799
2021-09-19,21223,7155
2021-09-20,17415,8955
2021-09-21,26862,9753
2021-09-22,25505,10385
2021-09-23,32543,10785
2021-09-24,26378,9579
2021-09-25,32521,7853
2021-09-26,31076,7947
2021-09-27,24064,9759
2021-09-28,27853,10307
2021-09-29,26004,10152
2021-09-30,36857,9400
2021-10-01,25425,8700
2021-10-02,21836,7156
2021-10-03,23791,7175
2021-10-04,19165,10224
2021-10-05,28778,9414
2021-10-06,20614,9336
2021-10-07,27758,9537
2021-10-08,23830,8614
2021-10-09,28170,7016
2021-10-10,29291,7422
2021-10-11,23699,8585
2021-10-12,21427,9510
2021-10-13,22875,9121
2021-10-14,22462,8936
2021-10-15,19901,8354
2021-10-16,22110,6862
2021-10-17,22020,7177
2021-10-18,21073,9160
2021-10-19,17286,9695
2021-10-20,18588,9474
2021-10-21,9596,9799
2021-10-22,8056,8909
2021-10-23,7390,6637
2021-10-24,7920,6858
2021-10-25,9132,9185
2021-10-26,11972,9538
2021-10-27,13108,9092
2021-10-28,25992,8979
2021-10-29,18843,7967
2021-10-30,19190,6388
2021-10-31,19631,6537
2021-11-01,16862,8369
2021-11-02,21268,8432
2021-11-03,28197,8351
2021-11-04,23526,8539
2021-11-05,13309,7651
2021-11-06,11530,6109
2021-11-07,12811,6484
2021-11-08,11354,8444
2021-11-09,11989,8699
2021-11-10,15629,8868
2021-11-11,10694,8053
2021-11-12,16403,8104
2021-11-13,14515,6586
2021-11-14,13541,6918
2021-11-15,11520,8291
2021-11-16,12362,8771
2021-11-17,10552,9537
2021-11-18,16149,9137
2021-11-19,12427,8451
2021-11-20,10232,6798
2021-11-21,9210,6817
2021-11-22,9043,7999
2021-11-23,12335,8398
2021-11-24,10555,7634
2021-11-25,13766,7396
2021-11-26,15965,6824
2021-11-27,14343,6492
2021-11-28,13769,6926
2021-11-29,14385,8851
2021-11-30,18906,8482
2021-12-01,19268,8844
2021-12-02,20686,8873
2021-12-03,22302,8354
2021-12-04,17933,6700
2021-12-05,20557,6961
2021-12-06,16522,8649
2021-12-07,14618,8906
2021-12-08,20899,8467
2021-12-09,24268,8757
2021-12-10,27177,8111
2021-12-11,21239,6471
2021-12-12,26231,6578
2021-12-13,23026,7896
2021-12-14,19399,8215
2021-12-15,20425,8338
2021-12-16,19371,7742
2021-12-17,17529,7079
2021-12-18,17557,6253
2021-12-19,17626,6366
2021-12-20,12555,6691
2021-12-21,11258,6416
2021-12-22,13175,6226
2021-12-23,25750,6143
2021-12-24,21963,6022
2021-12-25,17627,5923
2021-12-26,21700,6026
2021-12-27,17379,6341
2021-12-28,22553,6540
2021-12-29,23001,6152
2021-12-30,18448,6128
2021-12-31,22252,5868
2022-01-01,21200,5746
2022-01-02,23805,6313
2022-01-03,18892,6785
2022-01-04,19049,7647
2022-01-05,20501,8026
2022-01-06,16810,8197
2022-01-07,14068,8115
2022-01-08,18920,7220
2022-01-09,18838,6842
2022-01-10,15854,8316
2022-01-11,28938,8902
2022-01-12,25767,8720
2022-01-13,20679,8860
2022-01-14,21143,8437
2022-01-15,27100,6374
2022-01-16,26189,6545
2022-01-17,23623,7672
2022-01-18,23093,8260
2022-01-19,14718,8346
2022-01-20,8963,8589
2022-01-21,8567,8575
2022-01-22,7534,6492
2022-01-23,7660,6251
2022-01-24,8392,7882
2022-01-25,17725,8240
2022-01-26,16978,8406
2022-01-27,20718,8852
2022-01-28,18650,7994
2022-01-29,21724,7103
2022-01-30,16616,6521
2022-01-31,14873,8179
2022-02-01,16394,8504
2022-02-02,28219,8565
2022-02-03,26056,9508
2022-02-04,39507,8389
2022-02-05,40318,6456
2022-02-06,35857,6696
2022-02-07,38456,8771
2022-02-08,36516,8948
2022-02-09,28875,8820
2022-02-10,27822,9195
2022-02-11,31064,7894
2022-02-12,26917,6071
2022-02-13,16135,6336
2022-02-14,26765,7830
2022-02-15,36033,9464
2022-02-16,39843,8684
2022-02-17,35798,8350
2022-02-18,37714,8321
2022-02-19,32218,6690
2022-02-20,29222,6808
2022-02-21,18344,7074
2022-02-22,18695,8255
2022-02-23,38467,8462
2022-02-24,28385,7446
2022-02-25,33999,7150
2022-02-26,24885,5522
2022-02-27,21149,6268
2022-02-28,17300,7569
2022-03-01,17899,8263
2022-03-02,17857,8148
2022-03-03,23232,8273
2022-03-04,35078,7061
2022-03-05,35139,5402
2022-03-06,43663,6081
2022-03-07,29794,7935
2022-03-08,37231,7882
2022-03-09,40006,8476
2022-03-10,35025,7772
2022-03-11,33912,8107
2022-03-12,27829,6679
2022-03-13,33412,6187
2022-03-14,28506,7528
2022-03-15,41005,7626
2022-03-16,28921,7484
2022-03-17,29402,7103
2022-03-18,33252,6850
2022-03-19,22095,5648
2022-03-20,32083,6115
2022-03-21,23275,7214
2022-03-22,27553,7620
2022-03-23,16278,7998
2022-03-24,20138,7990
2022-03-25,24988,7024
2022-03-26,25350,5183
2022-03-27,31766,5615
2022-03-28,24423,7225
2022-03-29,15565,7385
2022-03-30,10312,7577
2022-03-31,34099,7425
2022-04-01,31966,6982
2022-04-02,28483,5212
2022-04-03,29001,5589
2022-04-04,27844,6811
2022-04-05,25406,6732
2022-04-06,29144,6685
2022-04-07,28526,6663
2022-04-08,22370,6508
2022-04-09,22964,5215
2022-04-10,23043,5194
2022-04-11,27313,6512
2022-04-12,29620,7215
2022-04-13,23245,6342
2022-04-14,26500,6378
2022-04-15,25449,6040
2022-04-16,24956,5047
2022-04-17,29460,5403
2022-04-18,22101,6668
2022-04-19,25320,7113
2022-04-20,25378,7072
2022-04-21,24104,7375
2022-04-22,26633,7305
2022-04-23,24014,6267
2022-04-24,32335,5800
2022-04-25,30679,7316
2022-04-26,36720,7421
2022-04-27,26301,7534
2022-04-28,23578,7162
2022-04-29,32502,6765
2022-04-30,26781,5369
2022-05-01,33733,5054
2022-05-02,28747,7361
2022-05-03,28885,6994
2022-05-04,21238,6874
2022-05-05,30264,6913
2022-05-06,29594,6564
2022-05-07,29673,5017
2022-05-08,34746,5182
2022-05-09,30698,6575
2022-05-10,52277,6732
2022-05-11,27337,7102
2022-05-12,25460,6706
2022-05-13,32458,6171
2022-05-14,30443,5006
2022-05-15,31034,5100
2022-05-16,23781,6698
2022-05-17,30089,6628
2022-05-18,33462,6876
2022-05-19,26270,6515
2022-05-20,25314,6119
2022-05-21,25376,4984
2022-05-22,37329,5222
2022-05-23,33528,6351
2022-05-24,32375,6462
2022-05-25,31295,6280
2022-05-26,29257,6419
2022-05-27,31328,5561
2022-05-28,30130,5286
2022-05-29,28277,5100
2022-05-30,28976,5887
2022-05-31,33791,6350
2022-06-01,24265,5867
2022-06-02,26141,5841
2022-06-03,28463,5507
2022-06-04,29932,4912
2022-06-05,29706,5095
2022-06-06,32204,6055
2022-06-07,37786,6274
2022-06-08,18561,6055
2022-06-09,48090,5976
2022-06-10,38118,5863
2022-06-11,42416,4892
2022-06-12,36310,5200
2022-06-13,30370,5855
2022-06-14,15454,5666
2022-06-15,20300,5716
2022-06-16,26238,5883
2022-06-17,20649,5333
2022-06-18,19218,5138
2022-06-19,20144,5295
2022-06-20,18213,5690
2022-06-21,16345,5957
2022-06-22,21284,5956
2022-06-23,23029,5700
2022-06-24,21074,5265
2022-06-25,20884,5012
2022-06-26,18293,5194
2022-06-27,14413,5742
2022-06-28,24337,5598
2022-06-29,21040,5350
2022-06-30,20831,5401
2022-07-01,23108,5206
2022-07-02,20503,5079
2022-07-03,21417,5180
2022-07-04,21233,5794
2022-07-05,26031,5280
2022-07-06,19903,5206
2022-07-07,19630,5291
2022-07-08,21087,5298
2022-07-09,20190,5144
2022-07-10,26763,5713
2022-07-11,21871,5580
2022-07-12,20611,5860
2022-07-13,21142,5884
2022-07-14,24133,5937
2022-07-15,25777,5525
2022-07-16,24021,5260
2022-07-17,31830,5633
2022-07-18,21700,5920
2022-07-19,25511,5805
2022-07-20,23023,6170
2022-07-21,25388,6330
2022-07-22,23307,6043
2022-07-23,20916,6044
2022-07-24,25045,6071
2022-07-25,22490,6335
2022-07-26,24629,6614
2022-07-27,23526,6159
2022-07-28,22879,6033
2022-07-29,24557,6000
2022-07-30,19636,5723
2022-07-31,25339,5979
2022-08-01,23011,6391
2022-08-02,24756,12024
2022-08-03,22384,11000
2022-08-04,27798,8880
2022-08-05,23263,8564
2022-08-06,22082,8350
2022-08-07,29438,8375
2022-08-08,53990,11778
2022-08-09,86132,18652
2022-08-10,70653,15448
2022-08-11,62556,17038
2022-08-12,50885,12359
2022-08-13,43546,11519
2022-08-14,35992,9420
2022-08-15,31077,9589
2022-08-16,30049,9225
2022-08-17,27106,10432
2022-08-18,24827,11117
2022-08-19,22639,10682
2022-08-20,26152,8517
2022-08-21,22490,8219
2022-08-22,22375,9292
2022-08-23,12562,9802
2022-08-24,23282,9903
2022-08-25,23498,9177
2022-08-26,23326,10464
2022-08-27,20506,7982
2022-08-28,22235,7167
2022-08-29,21140,9742
2022-08-30,23470,9514
2022-08-31,24161,8739
2022-09-01,21044,8204
2022-09-02,24196,8352
2022-09-03,22915,7490
2022-09-04,21175,7088
2022-09-05,21292,8150
2022-09-06,27538,9739
2022-09-07,25962,10364
2022-09-08,23976,9503
2022-09-09,27408,8946
2022-09-10,21615,7554
2022-09-11,29042,8562
2022-09-12,24698,11353
2022-09-13,25000,11123
2022-09-14,25703,11770
2022-09-15,26916,10950
2022-09-16,23410,10168
2022-09-17,25348,8844
2022-09-18,17524,8628
2022-09-19,16593,9948
2022-09-20,23179,10381
2022-09-21,28928,10420
2022-09-22,24915,10374
2022-09-23,25670,9761
2022-09-24,20789,8742
2022-09-25,25420,9037
2022-09-26,27264,9355
2022-09-27,25235,9689
2022-09-28,28110,9414
2022-09-29,23039,9043
2022-09-30,25255,8234
2022-10-01,21850,7009
2022-10-02,26902,7533
2022-10-03,26287,8620
2022-10-04,19892,10006
2022-10-05,23005,9309
2022-10-06,19403,9592
2022-10-07,27906,9149
2022-10-08,21766,7413
2022-10-09,24003,8970
2022-10-10,24416,9818
2022-10-11,26349,9201
2022-10-12,26805,9064
2022-10-13,24753,11501
2022-10-14,24029,9360
2022-10-15,23532,7399
2022-10-16,27936,7795
2022-10-17,48672,13082
2022-10-18,37193,11136
2022-10-19,39854,11151
2022-10-20,29903,10891
2022-10-21,26474,9938
2022-10-22,21710,9040
2022-10-23,24980,10164
2022-10-24,25478,9834
2022-10-25,24194,11604
2022-10-26,24944,11489
2022-10-27,24889,11502
2022-10-28,23603,10818
2022-10-29,20234,9005
2022-10-30,26448,10241
2022-10-31,26678,11306
2022-11-01,23176,11314
2022-11-02,26010,11780
2022-11-03,20018,12351
2022-11-04,22802,12034
2022-11-05,20054,10114
2022-11-06,23933,10282
2022-11-07,21968,10701
2022-11-08,21929,10890
2022-11-09,27459,10729
2022-11-10,24051,10793
2022-11-11,21352,9578
2022-11-12,19399,8475
2022-11-13,21103,8166
2022-11-14,20080,10522
2022-11-15,18505,10535
2022-11-16,21030,10241
2022-11-17,18687,10792
2022-11-18,18892,9801
2022-11-19,19930,8522
2022-11-20,21155,9736
2022-11-21,20681,9978
2022-11-22,19929,10397
2022-11-23,23406,9683
2022-11-24,20518,9802
2022-11-25,19945,9106
2022-11-26,16568,8524
2022-11-27,23074,8495
2022-11-28,22092,10449
2022-11-29,21311,10570
2022-11-30,23282,10422
