{"name": "model", "layers": [{"class_name": "InputLayer", "config": {"batch_input_shape": [null, 30, 15], "dtype": "float32", "sparse": false, "ragged": false, "name": "input_1"}, "name": "input_1", "inbound_nodes": []}, {"class_name": "Bidirectional", "config": {"name": "bidirectional_1", "trainable": true, "dtype": "float32", "layer": {"class_name": "LSTM", "config": {"name": "lstm_1", "trainable": true, "dtype": "float32", "return_sequences": true, "return_state": false, "go_backwards": false, "stateful": false, "unroll": false, "time_major": false, "units": 50, "activation": "tanh", "recurrent_activation": "sigmoid", "use_bias": true, "kernel_initializer": {"class_name": "GlorotUniform", "config": {"seed": null}, "shared_object_id": 1}, "recurrent_initializer": {"class_name": "Orthogonal", "config": {"gain": 1.0, "seed": null}, "shared_object_id": 2}, "bias_initializer": {"class_name": "Zeros", "config": {}, "shared_object_id": 3}, "unit_forget_bias": true, "kernel_regularizer": null, "recurrent_regularizer": null, "bias_regularizer": null, "activity_regularizer": null, "kernel_constraint": null, "recurrent_constraint": null, "bias_constraint": null, "dropout": 0.0, "recurrent_dropout": 0.0, "implementation": 2}}, "merge_mode": "concat"}, "name": "bidirectional_1", "inbound_nodes": [[["input_1", 0, 0, {}]]]}, {"class_name": "Dense", "config": {"name": "dense", "trainable": true, "dtype": "float32", "units": 100, "activation": "softmax", "use_bias": true, "kernel_initializer": {"class_name": "GlorotUniform", "config": {"seed": null}}, "bias_initializer": {"class_name": "Zeros", "config": {}}, "kernel_regularizer": null, "bias_regularizer": null, "activity_regularizer": null, "kernel_constraint": null, "bias_constraint": null}, "name": "dense", "inbound_nodes": [[["bidirectional_1", 0, 0, {}]]]}, {"class_name": "Permute", "config": {"name": "attention_vec", "trainable": true, "dtype": "float32", "dims": [1, 2]}, "name": "attention_vec", "inbound_nodes": [[["dense", 0, 0, {}]]]}, {"class_name": "Multiply", "config": {"name": "multiply", "trainable": true, "dtype": "float32"}, "name": "multiply", "inbound_nodes": [[["bidirectional_1", 0, 0, {}], ["attention_vec", 0, 0, {}]]]}, {"class_name": "Flatten", "config": {"name": "flatten", "trainable": true, "dtype": "float32", "data_format": "channels_last"}, "name": "flatten", "inbound_nodes": [[["multiply", 0, 0, {}]]]}, {"class_name": "Dense", "config": {"name": "dense_1", "trainable": true, "dtype": "float32", "units": 20, "activation": "tanh", "use_bias": true, "kernel_initializer": {"class_name": "GlorotUniform", "config": {"seed": null}}, "bias_initializer": {"class_name": "Zeros", "config": {}}, "kernel_regularizer": null, "bias_regularizer": null, "activity_regularizer": null, "kernel_constraint": null, "bias_constraint": null}, "name": "dense_1", "inbound_nodes": [[["flatten", 0, 0, {}]]]}, {"class_name": "Dropout", "config": {"name": "dropout", "trainable": true, "dtype": "float32", "rate": 0.2, "noise_shape": null, "seed": null}, "name": "dropout", "inbound_nodes": [[["dense_1", 0, 0, {}]]]}, {"class_name": "Dense", "config": {"name": "dense_2", "trainable": true, "dtype": "float32", "units": 48, "activation": "linear", "use_bias": true, "kernel_initializer": {"class_name": "GlorotUniform", "config": {"seed": null}}, "bias_initializer": {"class_name": "Zeros", "config": {}}, "kernel_regularizer": null, "bias_regularizer": null, "activity_regularizer": null, "kernel_constraint": null, "bias_constraint": null}, "name": "dense_2", "inbound_nodes": [[["dropout", 0, 0, {}]]]}], "input_layers": [["input_1", 0, 0]], "output_layers": [["dense_2", 0, 0]]}